&bc
headings_d ='timestep',          'time',          'pf',          'amm',          'nit',                    'frp',                    'no2',                    'salinity',                    'so4',                    'dic',                    'h2s',                    'n2o'
forzone_d =0,                    0,                    1,                    1,                    1,                    1,                    1,                    1,                    1,                    1,                    1,                    1
deepbc =1,                    1,                    274,                    36.279,                    43,                    0.105,                    4,                    26000,                    19402,                    3919,                    0,                    0,                    
                                    2,                    2,                    274,                    36.279,                    43,                    0.105,                    4,                    26000,                    19402,                    3919,                    0,                    0,                    
                                    3,                    3,                    274,                    36.279,                    43,                    0.105,                    4,                    26000,                    19402,                    3919,                    0,                    0,                    
                                    4,                    4,                    274,                    36.279,                    43,                    0.105,                    4,                    26000,                    19402,                    3919,                    0,                    0,                    
                                    5,                    5,                    274,                    36.279,                    43,                    0.105,                    4,                    26000,                    19402,                    3919,                    0,                    0,                    
                                    6,                    6,                    274,                    36.279,                    43,                    0.105,                    4,                    26000,                    19402,                    3919,                    0,                    0,                    
                                    7,                    7,                    274,                    36.279,                    43,                    0.105,                    4,                    26000,                    19402,                    3919,                    0,                    0,                    
                                    8,                    8,                    274,                    36.279,                    43,                    0.105,                    4,                    26000,                    19402,                    3919,                    0,                    0,                    
                                    9,                    9,                    274,                    36.279,                    43,                    0.105,                    4,                    26000,                    19402,                    3919,                    0,                    0,                    
                                    10,                    10,                    274,                    36.279,                    43,                    0.105,                    4,                    26000,                    19402,                    3919,                    0,                    0,                    
                                    11,                    11,                    274,                    36.279,                    43,                    0.105,                    4,                    26000,                    19402,                    3919,                    0,                    0,                    
                                    12,                    12,                    274,                    36.279,                    43,                    0.105,                    4,                    26000,                    19402,                    3919,                    0,                    0,                    
                                    13,                    13,                    274,                    36.279,                    43,                    0.105,                    4,                    26000,                    19402,                    3919,                    0,                    0,                    
                                    14,                    14,                    274,                    36.279,                    43,                    0.105,                    4,                    26000,                    19402,                    3919,                    0,                    0,                    
                                    15,                    15,                    274,                    36.279,                    43,                    0.105,                    4,                    26000,                    19402,                    3919,                    0,                    0,                    
                                    16,                    16,                    274,                    36.279,                    43,                    0.105,                    4,                    26000,                    19402,                    3919,                    0,                    0,                    
                                    17,                    17,                    274,                    36.279,                    43,                    0.105,                    4,                    26000,                    19402,                    3919,                    0,                    0,                    
                                    18,                    18,                    274,                    36.279,                    43,                    0.105,                    4,                    26000,                    19402,                    3919,                    0,                    0,                    
                                    19,                    19,                    274,                    36.279,                    43,                    0.105,                    4,                    26000,                    19402,                    3919,                    0,                    0,                    
                                    20,                    20,                    274,                    36.279,                    43,                    0.105,                    4,                    26000,                    19402,                    3919,                    0,                    0,                    
                                    21,                    21,                    274,                    36.279,                    43,                    0.105,                    4,                    26000,                    19402,                    3919,                    0,                    0,                    
                                    22,                    22,                    274,                    36.279,                    43,                    0.105,                    4,                    26000,                    19402,                    3919,                    0,                    0,                    
                                    23,                    23,                    274,                    36.279,                    43,                    0.105,                    4,                    26000,                    19402,                    3919,                    0,                    0,                    
                                    24,                    24,                    274,                    36.279,                    43,                    0.105,                    4,                    26000,                    19402,                    3919,                    0,                    0,                    
                                    25,                    25,                    274,                    36.279,                    43,                    0.105,                    4,                    26000,                    19402,                    3919,                    0,                    0,                    
                                    26,                    26,                    274,                    36.279,                    43,                    0.105,                    4,                    26000,                    19402,                    3919,                    0,                    0,                    
                                    27,                    27,                    274,                    36.279,                    43,                    0.105,                    4,                    26000,                    19402,                    3919,                    0,                    0,                    
                                    28,                    28,                    274,                    36.279,                    43,                    0.105,                    4,                    26000,                    19402,                    3919,                    0,                    0,                    
                                    29,                    29,                    274,                    36.279,                    43,                    0.105,                    4,                    26000,                    19402,                    3919,                    0,                    0,                    
                                    30,                    30,                    274,                    36.279,                    43,                    0.105,                    4,                    26000,                    19402,                    3919,                    0,                    0,                    
                                    31,                    31,                    274,                    36.279,                    43,                    0.105,                    4,                    26000,                    19402,                    3919,                    0,                    0,                    
                                    32,                    32,                    277,                    37.327,                    42,                    0.105,                    4,                    26000,                    19402,                    3919,                    0,                    0,                    
                                    33,                    33,                    277,                    37.327,                    42,                    0.105,                    4,                    26000,                    19402,                    3919,                    0,                    0,                    
                                    34,                    34,                    277,                    37.327,                    42,                    0.105,                    4,                    26000,                    19402,                    3919,                    0,                    0,                    
                                    35,                    35,                    277,                    37.327,                    42,                    0.105,                    4,                    26000,                    19402,                    3919,                    0,                    0,                    
                                    36,                    36,                    277,                    37.327,                    42,                    0.105,                    4,                    26000,                    19402,                    3919,                    0,                    0,                    
                                    37,                    37,                    277,                    37.327,                    42,                    0.105,                    4,                    26000,                    19402,                    3919,                    0,                    0,                    
                                    38,                    38,                    277,                    37.327,                    42,                    0.105,                    4,                    26000,                    19402,                    3919,                    0,                    0,                    
                                    39,                    39,                    277,                    37.327,                    42,                    0.105,                    4,                    26000,                    19402,                    3919,                    0,                    0,                    
                                    40,                    40,                    277,                    37.327,                    42,                    0.105,                    4,                    26000,                    19402,                    3919,                    0,                    0,                    
                                    41,                    41,                    277,                    37.327,                    42,                    0.105,                    4,                    26000,                    19402,                    3919,                    0,                    0,                    
                                    42,                    42,                    277,                    37.327,                    42,                    0.105,                    4,                    26000,                    19402,                    3919,                    0,                    0,                    
                                    43,                    43,                    277,                    37.327,                    42,                    0.105,                    4,                    26000,                    19402,                    3919,                    0,                    0,                    
                                    44,                    44,                    277,                    37.327,                    42,                    0.105,                    4,                    26000,                    19402,                    3919,                    0,                    0,                    
                                    45,                    45,                    277,                    37.327,                    42,                    0.105,                    4,                    26000,                    19402,                    3919,                    0,                    0,                    
                                    46,                    46,                    277,                    37.327,                    42,                    0.105,                    4,                    26000,                    19402,                    3919,                    0,                    0,                    
                                    47,                    47,                    277,                    37.327,                    42,                    0.105,                    4,                    26000,                    19402,                    3919,                    0,                    0,                    
                                    48,                    48,                    277,                    37.327,                    42,                    0.105,                    4,                    26000,                    19402,                    3919,                    0,                    0,                    
                                    49,                    49,                    277,                    37.327,                    42,                    0.105,                    4,                    26000,                    19402,                    3919,                    0,                    0,                    
                                    50,                    50,                    277,                    37.327,                    42,                    0.105,                    4,                    26000,                    19402,                    3919,                    0,                    0,                    
                                    51,                    51,                    277,                    37.327,                    42,                    0.105,                    4,                    26000,                    19402,                    3919,                    0,                    0,                    
                                    52,                    52,                    277,                    37.327,                    42,                    0.105,                    4,                    26000,                    19402,                    3919,                    0,                    0,                    
                                    53,                    53,                    277,                    37.327,                    42,                    0.105,                    4,                    26000,                    19402,                    3919,                    0,                    0,                    
                                    54,                    54,                    277,                    37.327,                    42,                    0.105,                    4,                    26000,                    19402,                    3919,                    0,                    0,                    
                                    55,                    55,                    277,                    37.327,                    42,                    0.105,                    4,                    26000,                    19402,                    3919,                    0,                    0,                    
                                    56,                    56,                    277,                    37.327,                    42,                    0.105,                    4,                    26000,                    19402,                    3919,                    0,                    0,                    
                                    57,                    57,                    277,                    37.327,                    42,                    0.105,                    4,                    26000,                    19402,                    3919,                    0,                    0,                    
                                    58,                    58,                    277,                    37.327,                    42,                    0.105,                    4,                    26000,                    19402,                    3919,                    0,                    0,                    
                                    59,                    59,                    277,                    37.327,                    42,                    0.105,                    4,                    26000,                    19402,                    3919,                    0,                    0,                    
                                    60,                    60,                    304,                    37.551,                    42,                    0.105,                    4,                    26000,                    19402,                    3919,                    0,                    0,                    
                                    61,                    61,                    304,                    37.551,                    42,                    0.105,                    4,                    26000,                    19402,                    3919,                    0,                    0,                    
                                    62,                    62,                    304,                    37.551,                    42,                    0.105,                    4,                    26000,                    19402,                    3919,                    0,                    0,                    
                                    63,                    63,                    304,                    37.551,                    42,                    0.105,                    4,                    26000,                    19402,                    3919,                    0,                    0,                    
                                    64,                    64,                    304,                    37.551,                    42,                    0.105,                    4,                    26000,                    19402,                    3919,                    0,                    0,                    
                                    65,                    65,                    304,                    37.551,                    42,                    0.105,                    4,                    26000,                    19402,                    3919,                    0,                    0,                    
                                    66,                    66,                    304,                    37.551,                    42,                    0.105,                    4,                    26000,                    19402,                    3919,                    0,                    0,                    
                                    67,                    67,                    304,                    37.551,                    42,                    0.105,                    4,                    26000,                    19402,                    3919,                    0,                    0,                    
                                    68,                    68,                    304,                    37.551,                    42,                    0.105,                    4,                    26000,                    19402,                    3919,                    0,                    0,                    
                                    69,                    69,                    304,                    37.551,                    42,                    0.105,                    4,                    26000,                    19402,                    3919,                    0,                    0,                    
                                    70,                    70,                    304,                    37.551,                    42,                    0.105,                    4,                    26000,                    19402,                    3919,                    0,                    0,                    
                                    71,                    71,                    304,                    37.551,                    42,                    0.105,                    4,                    26000,                    19402,                    3919,                    0,                    0,                    
                                    72,                    72,                    304,                    37.551,                    42,                    0.105,                    4,                    26000,                    19402,                    3919,                    0,                    0,                    
                                    73,                    73,                    304,                    37.551,                    42,                    0.105,                    4,                    26000,                    19402,                    3919,                    0,                    0,                    
                                    74,                    74,                    304,                    37.551,                    42,                    0.105,                    4,                    26000,                    19402,                    3919,                    0,                    0,                    
                                    75,                    75,                    304,                    37.551,                    42,                    0.105,                    4,                    26000,                    19402,                    3919,                    0,                    0,                    
                                    76,                    76,                    304,                    37.551,                    42,                    0.105,                    4,                    26000,                    19402,                    3919,                    0,                    0,                    
                                    77,                    77,                    304,                    37.551,                    42,                    0.105,                    4,                    26000,                    19402,                    3919,                    0,                    0,                    
                                    78,                    78,                    304,                    37.551,                    42,                    0.105,                    4,                    26000,                    19402,                    3919,                    0,                    0,                    
                                    79,                    79,                    304,                    37.551,                    42,                    0.105,                    4,                    26000,                    19402,                    3919,                    0,                    0,                    
                                    80,                    80,                    304,                    37.551,                    42,                    0.105,                    4,                    26000,                    19402,                    3919,                    0,                    0,                    
                                    81,                    81,                    304,                    37.551,                    42,                    0.105,                    4,                    26000,                    19402,                    3919,                    0,                    0,                    
                                    82,                    82,                    304,                    37.551,                    42,                    0.105,                    4,                    26000,                    19402,                    3919,                    0,                    0,                    
                                    83,                    83,                    304,                    37.551,                    42,                    0.105,                    4,                    26000,                    19402,                    3919,                    0,                    0,                    
                                    84,                    84,                    304,                    37.551,                    42,                    0.105,                    4,                    26000,                    19402,                    3919,                    0,                    0,                    
                                    85,                    85,                    304,                    37.551,                    42,                    0.105,                    4,                    26000,                    19402,                    3919,                    0,                    0,                    
                                    86,                    86,                    304,                    37.551,                    42,                    0.105,                    4,                    26000,                    19402,                    3919,                    0,                    0,                    
                                    87,                    87,                    304,                    37.551,                    42,                    0.105,                    4,                    26000,                    19402,                    3919,                    0,                    0,                    
                                    88,                    88,                    304,                    37.551,                    42,                    0.105,                    4,                    26000,                    19402,                    3919,                    0,                    0,                    
                                    89,                    89,                    304,                    37.551,                    42,                    0.105,                    4,                    26000,                    19402,                    3919,                    0,                    0,                    
                                    90,                    90,                    304,                    37.551,                    42,                    0.105,                    4,                    26000,                    19402,                    3919,                    0,                    0,                    
                                    91,                    91,                    305,                    37.971,                    42,                    0.105,                    4,                    26000,                    19402,                    3919,                    0,                    0,                    
                                    92,                    92,                    305,                    37.971,                    42,                    0.105,                    4,                    26000,                    19402,                    3919,                    0,                    0,                    
                                    93,                    93,                    305,                    37.971,                    42,                    0.105,                    4,                    26000,                    19402,                    3919,                    0,                    0,                    
                                    94,                    94,                    305,                    37.971,                    42,                    0.105,                    4,                    26000,                    19402,                    3919,                    0,                    0,                    
                                    95,                    95,                    305,                    37.971,                    42,                    0.105,                    4,                    26000,                    19402,                    3919,                    0,                    0,                    
                                    96,                    96,                    305,                    37.971,                    42,                    0.105,                    4,                    26000,                    19402,                    3919,                    0,                    0,                    
                                    97,                    97,                    305,                    37.971,                    42,                    0.105,                    4,                    26000,                    19402,                    3919,                    0,                    0,                    
                                    98,                    98,                    305,                    37.971,                    42,                    0.105,                    4,                    26000,                    19402,                    3919,                    0,                    0,                    
                                    99,                    99,                    305,                    37.971,                    42,                    0.105,                    4,                    26000,                    19402,                    3919,                    0,                    0,                    
                                    100,                    100,                    305,                    37.971,                    42,                    0.105,                    4,                    26000,                    19402,                    3919,                    0,                    0,                    
                                    101,                    101,                    305,                    37.971,                    42,                    0.105,                    4,                    26000,                    19402,                    3919,                    0,                    0,                    
                                    102,                    102,                    305,                    37.971,                    42,                    0.105,                    4,                    26000,                    19402,                    3919,                    0,                    0,                    
                                    103,                    103,                    305,                    37.971,                    42,                    0.105,                    4,                    26000,                    19402,                    3919,                    0,                    0,                    
                                    104,                    104,                    305,                    37.971,                    42,                    0.105,                    4,                    26000,                    19402,                    3919,                    0,                    0,                    
                                    105,                    105,                    305,                    37.971,                    42,                    0.105,                    4,                    26000,                    19402,                    3919,                    0,                    0,                    
                                    106,                    106,                    305,                    37.971,                    42,                    0.105,                    4,                    26000,                    19402,                    3919,                    0,                    0,                    
                                    107,                    107,                    305,                    37.971,                    42,                    0.105,                    4,                    26000,                    19402,                    3919,                    0,                    0,                    
                                    108,                    108,                    305,                    37.971,                    42,                    0.105,                    4,                    26000,                    19402,                    3919,                    0,                    0,                    
                                    109,                    109,                    305,                    37.971,                    42,                    0.105,                    4,                    26000,                    19402,                    3919,                    0,                    0,                    
                                    110,                    110,                    305,                    37.971,                    42,                    0.105,                    4,                    26000,                    19402,                    3919,                    0,                    0,                    
                                    111,                    111,                    305,                    37.971,                    42,                    0.105,                    4,                    26000,                    19402,                    3919,                    0,                    0,                    
                                    112,                    112,                    305,                    37.971,                    42,                    0.105,                    4,                    26000,                    19402,                    3919,                    0,                    0,                    
                                    113,                    113,                    305,                    37.971,                    42,                    0.105,                    4,                    26000,                    19402,                    3919,                    0,                    0,                    
                                    114,                    114,                    305,                    37.971,                    42,                    0.105,                    4,                    26000,                    19402,                    3919,                    0,                    0,                    
                                    115,                    115,                    305,                    37.971,                    42,                    0.105,                    4,                    26000,                    19402,                    3919,                    0,                    0,                    
                                    116,                    116,                    305,                    37.971,                    42,                    0.105,                    4,                    26000,                    19402,                    3919,                    0,                    0,                    
                                    117,                    117,                    305,                    37.971,                    42,                    0.105,                    4,                    26000,                    19402,                    3919,                    0,                    0,                    
                                    118,                    118,                    305,                    37.971,                    42,                    0.105,                    4,                    26000,                    19402,                    3919,                    0,                    0,                    
                                    119,                    119,                    305,                    37.971,                    42,                    0.105,                    4,                    26000,                    19402,                    3919,                    0,                    0,                    
                                    120,                    120,                    305,                    37.971,                    42,                    0.105,                    4,                    26000,                    19402,                    3919,                    0,                    0,                    
                                    121,                    121,                    379,                    39.156,                    42,                    0.105,                    4,                    26000,                    19402,                    3919,                    0,                    0,                    
                                    122,                    122,                    379,                    39.156,                    42,                    0.105,                    4,                    26000,                    19402,                    3919,                    0,                    0,                    
                                    123,                    123,                    379,                    39.156,                    42,                    0.105,                    4,                    26000,                    19402,                    3919,                    0,                    0,                    
                                    124,                    124,                    379,                    39.156,                    42,                    0.105,                    4,                    26000,                    19402,                    3919,                    0,                    0,                    
                                    125,                    125,                    379,                    39.156,                    42,                    0.105,                    4,                    26000,                    19402,                    3919,                    0,                    0,                    
                                    126,                    126,                    379,                    39.156,                    42,                    0.105,                    4,                    26000,                    19402,                    3919,                    0,                    0,                    
                                    127,                    127,                    379,                    39.156,                    42,                    0.105,                    4,                    26000,                    19402,                    3919,                    0,                    0,                    
                                    128,                    128,                    379,                    39.156,                    42,                    0.105,                    4,                    26000,                    19402,                    3919,                    0,                    0,                    
                                    129,                    129,                    379,                    39.156,                    42,                    0.105,                    4,                    26000,                    19402,                    3919,                    0,                    0,                    
                                    130,                    130,                    379,                    39.156,                    42,                    0.105,                    4,                    26000,                    19402,                    3919,                    0,                    0,                    
                                    131,                    131,                    379,                    39.156,                    42,                    0.105,                    4,                    26000,                    19402,                    3919,                    0,                    0,                    
                                    132,                    132,                    379,                    39.156,                    42,                    0.105,                    4,                    26000,                    19402,                    3919,                    0,                    0,                    
                                    133,                    133,                    379,                    39.156,                    42,                    0.105,                    4,                    26000,                    19402,                    3919,                    0,                    0,                    
                                    134,                    134,                    379,                    39.156,                    42,                    0.105,                    4,                    26000,                    19402,                    3919,                    0,                    0,                    
                                    135,                    135,                    379,                    39.156,                    42,                    0.105,                    4,                    26000,                    19402,                    3919,                    0,                    0,                    
                                    136,                    136,                    379,                    39.156,                    42,                    0.105,                    4,                    26000,                    19402,                    3919,                    0,                    0,                    
                                    137,                    137,                    379,                    39.156,                    42,                    0.105,                    4,                    26000,                    19402,                    3919,                    0,                    0,                    
                                    138,                    138,                    379,                    39.156,                    42,                    0.105,                    4,                    26000,                    19402,                    3919,                    0,                    0,                    
                                    139,                    139,                    379,                    39.156,                    42,                    0.105,                    4,                    26000,                    19402,                    3919,                    0,                    0,                    
                                    140,                    140,                    379,                    39.156,                    42,                    0.105,                    4,                    26000,                    19402,                    3919,                    0,                    0,                    
                                    141,                    141,                    379,                    39.156,                    42,                    0.105,                    4,                    26000,                    19402,                    3919,                    0,                    0,                    
                                    142,                    142,                    379,                    39.156,                    42,                    0.105,                    4,                    26000,                    19402,                    3919,                    0,                    0,                    
                                    143,                    143,                    379,                    39.156,                    42,                    0.105,                    4,                    26000,                    19402,                    3919,                    0,                    0,                    
                                    144,                    144,                    379,                    39.156,                    42,                    0.105,                    4,                    26000,                    19402,                    3919,                    0,                    0,                    
                                    145,                    145,                    379,                    39.156,                    42,                    0.105,                    4,                    26000,                    19402,                    3919,                    0,                    0,                    
                                    146,                    146,                    379,                    39.156,                    42,                    0.105,                    4,                    26000,                    19402,                    3919,                    0,                    0,                    
                                    147,                    147,                    379,                    39.156,                    42,                    0.105,                    4,                    26000,                    19402,                    3919,                    0,                    0,                    
                                    148,                    148,                    379,                    39.156,                    42,                    0.105,                    4,                    26000,                    19402,                    3919,                    0,                    0,                    
                                    149,                    149,                    379,                    39.156,                    42,                    0.105,                    4,                    26000,                    19402,                    3919,                    0,                    0,                    
                                    150,                    150,                    379,                    39.156,                    42,                    0.105,                    4,                    26000,                    19402,                    3919,                    0,                    0,                    
                                    151,                    151,                    379,                    39.156,                    42,                    0.105,                    4,                    26000,                    19402,                    3919,                    0,                    0,                    
                                    152,                    152,                    410,                    39.72,                    41,                    0.105,                    4,                    26000,                    19402,                    3919,                    0,                    0,                    
                                    153,                    153,                    410,                    39.72,                    41,                    0.105,                    4,                    26000,                    19402,                    3919,                    0,                    0,                    
                                    154,                    154,                    410,                    39.72,                    41,                    0.105,                    4,                    26000,                    19402,                    3919,                    0,                    0,                    
                                    155,                    155,                    410,                    39.72,                    41,                    0.105,                    4,                    26000,                    19402,                    3919,                    0,                    0,                    
                                    156,                    156,                    410,                    39.72,                    41,                    0.105,                    4,                    26000,                    19402,                    3919,                    0,                    0,                    
                                    157,                    157,                    410,                    39.72,                    41,                    0.105,                    4,                    26000,                    19402,                    3919,                    0,                    0,                    
                                    158,                    158,                    410,                    39.72,                    41,                    0.105,                    4,                    26000,                    19402,                    3919,                    0,                    0,                    
                                    159,                    159,                    410,                    39.72,                    41,                    0.105,                    4,                    26000,                    19402,                    3919,                    0,                    0,                    
                                    160,                    160,                    410,                    39.72,                    41,                    0.105,                    4,                    26000,                    19402,                    3919,                    0,                    0,                    
                                    161,                    161,                    410,                    39.72,                    41,                    0.105,                    4,                    26000,                    19402,                    3919,                    0,                    0,                    
                                    162,                    162,                    410,                    39.72,                    41,                    0.105,                    4,                    26000,                    19402,                    3919,                    0,                    0,                    
                                    163,                    163,                    410,                    39.72,                    41,                    0.105,                    4,                    26000,                    19402,                    3919,                    0,                    0,                    
                                    164,                    164,                    410,                    39.72,                    41,                    0.105,                    4,                    26000,                    19402,                    3919,                    0,                    0,                    
                                    165,                    165,                    410,                    39.72,                    41,                    0.105,                    4,                    26000,                    19402,                    3919,                    0,                    0,                    
                                    166,                    166,                    410,                    39.72,                    41,                    0.105,                    4,                    26000,                    19402,                    3919,                    0,                    0,                    
                                    167,                    167,                    410,                    39.72,                    41,                    0.105,                    4,                    26000,                    19402,                    3919,                    0,                    0,                    
                                    168,                    168,                    410,                    39.72,                    41,                    0.105,                    4,                    26000,                    19402,                    3919,                    0,                    0,                    
                                    169,                    169,                    410,                    39.72,                    41,                    0.105,                    4,                    26000,                    19402,                    3919,                    0,                    0,                    
                                    170,                    170,                    410,                    39.72,                    41,                    0.105,                    4,                    26000,                    19402,                    3919,                    0,                    0,                    
                                    171,                    171,                    410,                    39.72,                    41,                    0.105,                    4,                    26000,                    19402,                    3919,                    0,                    0,                    
                                    172,                    172,                    410,                    39.72,                    41,                    0.105,                    4,                    26000,                    19402,                    3919,                    0,                    0,                    
                                    173,                    173,                    410,                    39.72,                    41,                    0.105,                    4,                    26000,                    19402,                    3919,                    0,                    0,                    
                                    174,                    174,                    410,                    39.72,                    41,                    0.105,                    4,                    26000,                    19402,                    3919,                    0,                    0,                    
                                    175,                    175,                    410,                    39.72,                    41,                    0.105,                    4,                    26000,                    19402,                    3919,                    0,                    0,                    
                                    176,                    176,                    410,                    39.72,                    41,                    0.105,                    4,                    26000,                    19402,                    3919,                    0,                    0,                    
                                    177,                    177,                    410,                    39.72,                    41,                    0.105,                    4,                    26000,                    19402,                    3919,                    0,                    0,                    
                                    178,                    178,                    410,                    39.72,                    41,                    0.105,                    4,                    26000,                    19402,                    3919,                    0,                    0,                    
                                    179,                    179,                    410,                    39.72,                    41,                    0.105,                    4,                    26000,                    19402,                    3919,                    0,                    0,                    
                                    180,                    180,                    410,                    39.72,                    41,                    0.105,                    4,                    26000,                    19402,                    3919,                    0,                    0,                    
                                    181,                    181,                    410,                    39.72,                    41,                    0.105,                    4,                    26000,                    19402,                    3919,                    0,                    0,                    
                                    182,                    182,                    648,                    41.162,                    41,                    0.105,                    4,                    26000,                    19402,                    3919,                    0,                    0,                    
                                    183,                    183,                    648,                    41.162,                    41,                    0.105,                    4,                    26000,                    19402,                    3919,                    0,                    0,                    
                                    184,                    184,                    648,                    41.162,                    41,                    0.105,                    4,                    26000,                    19402,                    3919,                    0,                    0,                    
                                    185,                    185,                    648,                    41.162,                    41,                    0.105,                    4,                    26000,                    19402,                    3919,                    0,                    0,                    
                                    186,                    186,                    648,                    41.162,                    41,                    0.105,                    4,                    26000,                    19402,                    3919,                    0,                    0,                    
                                    187,                    187,                    648,                    41.162,                    41,                    0.105,                    4,                    26000,                    19402,                    3919,                    0,                    0,                    
                                    188,                    188,                    648,                    41.162,                    41,                    0.105,                    4,                    26000,                    19402,                    3919,                    0,                    0,                    
                                    189,                    189,                    648,                    41.162,                    41,                    0.105,                    4,                    26000,                    19402,                    3919,                    0,                    0,                    
                                    190,                    190,                    648,                    41.162,                    41,                    0.105,                    4,                    26000,                    19402,                    3919,                    0,                    0,                    
                                    191,                    191,                    648,                    41.162,                    41,                    0.105,                    4,                    26000,                    19402,                    3919,                    0,                    0,                    
                                    192,                    192,                    648,                    41.162,                    41,                    0.105,                    4,                    26000,                    19402,                    3919,                    0,                    0,                    
                                    193,                    193,                    648,                    41.162,                    41,                    0.105,                    4,                    26000,                    19402,                    3919,                    0,                    0,                    
                                    194,                    194,                    648,                    41.162,                    41,                    0.105,                    4,                    26000,                    19402,                    3919,                    0,                    0,                    
                                    195,                    195,                    648,                    41.162,                    41,                    0.105,                    4,                    26000,                    19402,                    3919,                    0,                    0,                    
                                    196,                    196,                    648,                    41.162,                    41,                    0.105,                    4,                    26000,                    19402,                    3919,                    0,                    0,                    
                                    197,                    197,                    648,                    41.162,                    41,                    0.105,                    4,                    26000,                    19402,                    3919,                    0,                    0,                    
                                    198,                    198,                    648,                    41.162,                    41,                    0.105,                    4,                    26000,                    19402,                    3919,                    0,                    0,                    
                                    199,                    199,                    648,                    41.162,                    41,                    0.105,                    4,                    26000,                    19402,                    3919,                    0,                    0,                    
                                    200,                    200,                    648,                    41.162,                    41,                    0.105,                    4,                    26000,                    19402,                    3919,                    0,                    0,                    
                                    201,                    201,                    648,                    41.162,                    41,                    0.105,                    4,                    26000,                    19402,                    3919,                    0,                    0,                    
                                    202,                    202,                    648,                    41.162,                    41,                    0.105,                    4,                    26000,                    19402,                    3919,                    0,                    0,                    
                                    203,                    203,                    648,                    41.162,                    41,                    0.105,                    4,                    26000,                    19402,                    3919,                    0,                    0,                    
                                    204,                    204,                    648,                    41.162,                    41,                    0.105,                    4,                    26000,                    19402,                    3919,                    0,                    0,                    
                                    205,                    205,                    648,                    41.162,                    41,                    0.105,                    4,                    26000,                    19402,                    3919,                    0,                    0,                    
                                    206,                    206,                    648,                    41.162,                    41,                    0.105,                    4,                    26000,                    19402,                    3919,                    0,                    0,                    
                                    207,                    207,                    648,                    41.162,                    41,                    0.105,                    4,                    26000,                    19402,                    3919,                    0,                    0,                    
                                    208,                    208,                    648,                    41.162,                    41,                    0.105,                    4,                    26000,                    19402,                    3919,                    0,                    0,                    
                                    209,                    209,                    648,                    41.162,                    41,                    0.105,                    4,                    26000,                    19402,                    3919,                    0,                    0,                    
                                    210,                    210,                    648,                    41.162,                    41,                    0.105,                    4,                    26000,                    19402,                    3919,                    0,                    0,                    
                                    211,                    211,                    648,                    41.162,                    41,                    0.105,                    4,                    26000,                    19402,                    3919,                    0,                    0,                    
                                    212,                    212,                    648,                    41.162,                    41,                    0.105,                    4,                    26000,                    19402,                    3919,                    0,                    0,                    
                                    213,                    213,                    574,                    40.42,                    40,                    0.105,                    4,                    26000,                    19402,                    3919,                    0,                    0,                    
                                    214,                    214,                    574,                    40.42,                    40,                    0.105,                    4,                    26000,                    19402,                    3919,                    0,                    0,                    
                                    215,                    215,                    574,                    40.42,                    40,                    0.105,                    4,                    26000,                    19402,                    3919,                    0,                    0,                    
                                    216,                    216,                    574,                    40.42,                    40,                    0.105,                    4,                    26000,                    19402,                    3919,                    0,                    0,                    
                                    217,                    217,                    574,                    40.42,                    40,                    0.105,                    4,                    26000,                    19402,                    3919,                    0,                    0,                    
                                    218,                    218,                    574,                    40.42,                    40,                    0.105,                    4,                    26000,                    19402,                    3919,                    0,                    0,                    
                                    219,                    219,                    574,                    40.42,                    40,                    0.105,                    4,                    26000,                    19402,                    3919,                    0,                    0,                    
                                    220,                    220,                    574,                    40.42,                    40,                    0.105,                    4,                    26000,                    19402,                    3919,                    0,                    0,                    
                                    221,                    221,                    574,                    40.42,                    40,                    0.105,                    4,                    26000,                    19402,                    3919,                    0,                    0,                    
                                    222,                    222,                    574,                    40.42,                    40,                    0.105,                    4,                    26000,                    19402,                    3919,                    0,                    0,                    
                                    223,                    223,                    574,                    40.42,                    40,                    0.105,                    4,                    26000,                    19402,                    3919,                    0,                    0,                    
                                    224,                    224,                    574,                    40.42,                    40,                    0.105,                    4,                    26000,                    19402,                    3919,                    0,                    0,                    
                                    225,                    225,                    574,                    40.42,                    40,                    0.105,                    4,                    26000,                    19402,                    3919,                    0,                    0,                    
                                    226,                    226,                    574,                    40.42,                    40,                    0.105,                    4,                    26000,                    19402,                    3919,                    0,                    0,                    
                                    227,                    227,                    574,                    40.42,                    40,                    0.105,                    4,                    26000,                    19402,                    3919,                    0,                    0,                    
                                    228,                    228,                    574,                    40.42,                    40,                    0.105,                    4,                    26000,                    19402,                    3919,                    0,                    0,                    
                                    229,                    229,                    574,                    40.42,                    40,                    0.105,                    4,                    26000,                    19402,                    3919,                    0,                    0,                    
                                    230,                    230,                    574,                    40.42,                    40,                    0.105,                    4,                    26000,                    19402,                    3919,                    0,                    0,                    
                                    231,                    231,                    574,                    40.42,                    40,                    0.105,                    4,                    26000,                    19402,                    3919,                    0,                    0,                    
                                    232,                    232,                    574,                    40.42,                    40,                    0.105,                    4,                    26000,                    19402,                    3919,                    0,                    0,                    
                                    233,                    233,                    574,                    40.42,                    40,                    0.105,                    4,                    26000,                    19402,                    3919,                    0,                    0,                    
                                    234,                    234,                    574,                    40.42,                    40,                    0.105,                    4,                    26000,                    19402,                    3919,                    0,                    0,                    
                                    235,                    235,                    574,                    40.42,                    40,                    0.105,                    4,                    26000,                    19402,                    3919,                    0,                    0,                    
                                    236,                    236,                    574,                    40.42,                    40,                    0.105,                    4,                    26000,                    19402,                    3919,                    0,                    0,                    
                                    237,                    237,                    574,                    40.42,                    40,                    0.105,                    4,                    26000,                    19402,                    3919,                    0,                    0,                    
                                    238,                    238,                    574,                    40.42,                    40,                    0.105,                    4,                    26000,                    19402,                    3919,                    0,                    0,                    
                                    239,                    239,                    574,                    40.42,                    40,                    0.105,                    4,                    26000,                    19402,                    3919,                    0,                    0,                    
                                    240,                    240,                    574,                    40.42,                    40,                    0.105,                    4,                    26000,                    19402,                    3919,                    0,                    0,                    
                                    241,                    241,                    574,                    40.42,                    40,                    0.105,                    4,                    26000,                    19402,                    3919,                    0,                    0,                    
                                    242,                    242,                    574,                    40.42,                    40,                    0.105,                    4,                    26000,                    19402,                    3919,                    0,                    0,                    
                                    243,                    243,                    574,                    40.42,                    40,                    0.105,                    4,                    26000,                    19402,                    3919,                    0,                    0,                    
                                    244,                    244,                    541,                    39.774,                    41,                    0.105,                    4,                    26000,                    19402,                    3919,                    0,                    0,                    
                                    245,                    245,                    541,                    39.774,                    41,                    0.105,                    4,                    26000,                    19402,                    3919,                    0,                    0,                    
                                    246,                    246,                    541,                    39.774,                    41,                    0.105,                    4,                    26000,                    19402,                    3919,                    0,                    0,                    
                                    247,                    247,                    541,                    39.774,                    41,                    0.105,                    4,                    26000,                    19402,                    3919,                    0,                    0,                    
                                    248,                    248,                    541,                    39.774,                    41,                    0.105,                    4,                    26000,                    19402,                    3919,                    0,                    0,                    
                                    249,                    249,                    541,                    39.774,                    41,                    0.105,                    4,                    26000,                    19402,                    3919,                    0,                    0,                    
                                    250,                    250,                    541,                    39.774,                    41,                    0.105,                    4,                    26000,                    19402,                    3919,                    0,                    0,                    
                                    251,                    251,                    541,                    39.774,                    41,                    0.105,                    4,                    26000,                    19402,                    3919,                    0,                    0,                    
                                    252,                    252,                    541,                    39.774,                    41,                    0.105,                    4,                    26000,                    19402,                    3919,                    0,                    0,                    
                                    253,                    253,                    541,                    39.774,                    41,                    0.105,                    4,                    26000,                    19402,                    3919,                    0,                    0,                    
                                    254,                    254,                    541,                    39.774,                    41,                    0.105,                    4,                    26000,                    19402,                    3919,                    0,                    0,                    
                                    255,                    255,                    541,                    39.774,                    41,                    0.105,                    4,                    26000,                    19402,                    3919,                    0,                    0,                    
                                    256,                    256,                    541,                    39.774,                    41,                    0.105,                    4,                    26000,                    19402,                    3919,                    0,                    0,                    
                                    257,                    257,                    541,                    39.774,                    41,                    0.105,                    4,                    26000,                    19402,                    3919,                    0,                    0,                    
                                    258,                    258,                    541,                    39.774,                    41,                    0.105,                    4,                    26000,                    19402,                    3919,                    0,                    0,                    
                                    259,                    259,                    541,                    39.774,                    41,                    0.105,                    4,                    26000,                    19402,                    3919,                    0,                    0,                    
                                    260,                    260,                    541,                    39.774,                    41,                    0.105,                    4,                    26000,                    19402,                    3919,                    0,                    0,                    
                                    261,                    261,                    541,                    39.774,                    41,                    0.105,                    4,                    26000,                    19402,                    3919,                    0,                    0,                    
                                    262,                    262,                    541,                    39.774,                    41,                    0.105,                    4,                    26000,                    19402,                    3919,                    0,                    0,                    
                                    263,                    263,                    541,                    39.774,                    41,                    0.105,                    4,                    26000,                    19402,                    3919,                    0,                    0,                    
                                    264,                    264,                    541,                    39.774,                    41,                    0.105,                    4,                    26000,                    19402,                    3919,                    0,                    0,                    
                                    265,                    265,                    541,                    39.774,                    41,                    0.105,                    4,                    26000,                    19402,                    3919,                    0,                    0,                    
                                    266,                    266,                    541,                    39.774,                    41,                    0.105,                    4,                    26000,                    19402,                    3919,                    0,                    0,                    
                                    267,                    267,                    541,                    39.774,                    41,                    0.105,                    4,                    26000,                    19402,                    3919,                    0,                    0,                    
                                    268,                    268,                    541,                    39.774,                    41,                    0.105,                    4,                    26000,                    19402,                    3919,                    0,                    0,                    
                                    269,                    269,                    541,                    39.774,                    41,                    0.105,                    4,                    26000,                    19402,                    3919,                    0,                    0,                    
                                    270,                    270,                    541,                    39.774,                    41,                    0.105,                    4,                    26000,                    19402,                    3919,                    0,                    0,                    
                                    271,                    271,                    541,                    39.774,                    41,                    0.105,                    4,                    26000,                    19402,                    3919,                    0,                    0,                    
                                    272,                    272,                    541,                    39.774,                    41,                    0.105,                    4,                    26000,                    19402,                    3919,                    0,                    0,                    
                                    273,                    273,                    541,                    39.774,                    41,                    0.105,                    4,                    26000,                    19402,                    3919,                    0,                    0,                    
                                    274,                    274,                    579,                    39.5,                    41,                    0.105,                    4,                    26000,                    19402,                    3919,                    0,                    0,                    
                                    275,                    275,                    579,                    39.5,                    41,                    0.105,                    4,                    26000,                    19402,                    3919,                    0,                    0,                    
                                    276,                    276,                    579,                    39.5,                    41,                    0.105,                    4,                    26000,                    19402,                    3919,                    0,                    0,                    
                                    277,                    277,                    579,                    39.5,                    41,                    0.105,                    4,                    26000,                    19402,                    3919,                    0,                    0,                    
                                    278,                    278,                    579,                    39.5,                    41,                    0.105,                    4,                    26000,                    19402,                    3919,                    0,                    0,                    
                                    279,                    279,                    579,                    39.5,                    41,                    0.105,                    4,                    26000,                    19402,                    3919,                    0,                    0,                    
                                    280,                    280,                    579,                    39.5,                    41,                    0.105,                    4,                    26000,                    19402,                    3919,                    0,                    0,                    
                                    281,                    281,                    579,                    39.5,                    41,                    0.105,                    4,                    26000,                    19402,                    3919,                    0,                    0,                    
                                    282,                    282,                    579,                    39.5,                    41,                    0.105,                    4,                    26000,                    19402,                    3919,                    0,                    0,                    
                                    283,                    283,                    579,                    39.5,                    41,                    0.105,                    4,                    26000,                    19402,                    3919,                    0,                    0,                    
                                    284,                    284,                    579,                    39.5,                    41,                    0.105,                    4,                    26000,                    19402,                    3919,                    0,                    0,                    
                                    285,                    285,                    579,                    39.5,                    41,                    0.105,                    4,                    26000,                    19402,                    3919,                    0,                    0,                    
                                    286,                    286,                    579,                    39.5,                    41,                    0.105,                    4,                    26000,                    19402,                    3919,                    0,                    0,                    
                                    287,                    287,                    579,                    39.5,                    41,                    0.105,                    4,                    26000,                    19402,                    3919,                    0,                    0,                    
                                    288,                    288,                    579,                    39.5,                    41,                    0.105,                    4,                    26000,                    19402,                    3919,                    0,                    0,                    
                                    289,                    289,                    579,                    39.5,                    41,                    0.105,                    4,                    26000,                    19402,                    3919,                    0,                    0,                    
                                    290,                    290,                    579,                    39.5,                    41,                    0.105,                    4,                    26000,                    19402,                    3919,                    0,                    0,                    
                                    291,                    291,                    579,                    39.5,                    41,                    0.105,                    4,                    26000,                    19402,                    3919,                    0,                    0,                    
                                    292,                    292,                    579,                    39.5,                    41,                    0.105,                    4,                    26000,                    19402,                    3919,                    0,                    0,                    
                                    293,                    293,                    579,                    39.5,                    41,                    0.105,                    4,                    26000,                    19402,                    3919,                    0,                    0,                    
                                    294,                    294,                    579,                    39.5,                    41,                    0.105,                    4,                    26000,                    19402,                    3919,                    0,                    0,                    
                                    295,                    295,                    579,                    39.5,                    41,                    0.105,                    4,                    26000,                    19402,                    3919,                    0,                    0,                    
                                    296,                    296,                    579,                    39.5,                    41,                    0.105,                    4,                    26000,                    19402,                    3919,                    0,                    0,                    
                                    297,                    297,                    579,                    39.5,                    41,                    0.105,                    4,                    26000,                    19402,                    3919,                    0,                    0,                    
                                    298,                    298,                    579,                    39.5,                    41,                    0.105,                    4,                    26000,                    19402,                    3919,                    0,                    0,                    
                                    299,                    299,                    579,                    39.5,                    41,                    0.105,                    4,                    26000,                    19402,                    3919,                    0,                    0,                    
                                    300,                    300,                    579,                    39.5,                    41,                    0.105,                    4,                    26000,                    19402,                    3919,                    0,                    0,                    
                                    301,                    301,                    579,                    39.5,                    41,                    0.105,                    4,                    26000,                    19402,                    3919,                    0,                    0,                    
                                    302,                    302,                    579,                    39.5,                    41,                    0.105,                    4,                    26000,                    19402,                    3919,                    0,                    0,                    
                                    303,                    303,                    579,                    39.5,                    41,                    0.105,                    4,                    26000,                    19402,                    3919,                    0,                    0,                    
                                    304,                    304,                    579,                    39.5,                    41,                    0.105,                    4,                    26000,                    19402,                    3919,                    0,                    0,                    
                                    305,                    305,                    485,                    38.441,                    41,                    0.105,                    4,                    26000,                    19402,                    3919,                    0,                    0,                    
                                    306,                    306,                    485,                    38.441,                    41,                    0.105,                    4,                    26000,                    19402,                    3919,                    0,                    0,                    
                                    307,                    307,                    485,                    38.441,                    41,                    0.105,                    4,                    26000,                    19402,                    3919,                    0,                    0,                    
                                    308,                    308,                    485,                    38.441,                    41,                    0.105,                    4,                    26000,                    19402,                    3919,                    0,                    0,                    
                                    309,                    309,                    485,                    38.441,                    41,                    0.105,                    4,                    26000,                    19402,                    3919,                    0,                    0,                    
                                    310,                    310,                    485,                    38.441,                    41,                    0.105,                    4,                    26000,                    19402,                    3919,                    0,                    0,                    
                                    311,                    311,                    485,                    38.441,                    41,                    0.105,                    4,                    26000,                    19402,                    3919,                    0,                    0,                    
                                    312,                    312,                    485,                    38.441,                    41,                    0.105,                    4,                    26000,                    19402,                    3919,                    0,                    0,                    
                                    313,                    313,                    485,                    38.441,                    41,                    0.105,                    4,                    26000,                    19402,                    3919,                    0,                    0,                    
                                    314,                    314,                    485,                    38.441,                    41,                    0.105,                    4,                    26000,                    19402,                    3919,                    0,                    0,                    
                                    315,                    315,                    485,                    38.441,                    41,                    0.105,                    4,                    26000,                    19402,                    3919,                    0,                    0,                    
                                    316,                    316,                    485,                    38.441,                    41,                    0.105,                    4,                    26000,                    19402,                    3919,                    0,                    0,                    
                                    317,                    317,                    485,                    38.441,                    41,                    0.105,                    4,                    26000,                    19402,                    3919,                    0,                    0,                    
                                    318,                    318,                    485,                    38.441,                    41,                    0.105,                    4,                    26000,                    19402,                    3919,                    0,                    0,                    
                                    319,                    319,                    485,                    38.441,                    41,                    0.105,                    4,                    26000,                    19402,                    3919,                    0,                    0,                    
                                    320,                    320,                    485,                    38.441,                    41,                    0.105,                    4,                    26000,                    19402,                    3919,                    0,                    0,                    
                                    321,                    321,                    485,                    38.441,                    41,                    0.105,                    4,                    26000,                    19402,                    3919,                    0,                    0,                    
                                    322,                    322,                    485,                    38.441,                    41,                    0.105,                    4,                    26000,                    19402,                    3919,                    0,                    0,                    
                                    323,                    323,                    485,                    38.441,                    41,                    0.105,                    4,                    26000,                    19402,                    3919,                    0,                    0,                    
                                    324,                    324,                    485,                    38.441,                    41,                    0.105,                    4,                    26000,                    19402,                    3919,                    0,                    0,                    
                                    325,                    325,                    485,                    38.441,                    41,                    0.105,                    4,                    26000,                    19402,                    3919,                    0,                    0,                    
                                    326,                    326,                    485,                    38.441,                    41,                    0.105,                    4,                    26000,                    19402,                    3919,                    0,                    0,                    
                                    327,                    327,                    485,                    38.441,                    41,                    0.105,                    4,                    26000,                    19402,                    3919,                    0,                    0,                    
                                    328,                    328,                    485,                    38.441,                    41,                    0.105,                    4,                    26000,                    19402,                    3919,                    0,                    0,                    
                                    329,                    329,                    485,                    38.441,                    41,                    0.105,                    4,                    26000,                    19402,                    3919,                    0,                    0,                    
                                    330,                    330,                    485,                    38.441,                    41,                    0.105,                    4,                    26000,                    19402,                    3919,                    0,                    0,                    
                                    331,                    331,                    485,                    38.441,                    41,                    0.105,                    4,                    26000,                    19402,                    3919,                    0,                    0,                    
                                    332,                    332,                    485,                    38.441,                    41,                    0.105,                    4,                    26000,                    19402,                    3919,                    0,                    0,                    
                                    333,                    333,                    485,                    38.441,                    41,                    0.105,                    4,                    26000,                    19402,                    3919,                    0,                    0,                    
                                    334,                    334,                    485,                    38.441,                    41,                    0.105,                    4,                    26000,                    19402,                    3919,                    0,                    0,                    
                                    335,                    335,                    449,                    37.502,                    41,                    0.105,                    4,                    26000,                    19402,                    3919,                    0,                    0,                    
                                    336,                    336,                    449,                    37.502,                    41,                    0.105,                    4,                    26000,                    19402,                    3919,                    0,                    0,                    
                                    337,                    337,                    449,                    37.502,                    41,                    0.105,                    4,                    26000,                    19402,                    3919,                    0,                    0,                    
                                    338,                    338,                    449,                    37.502,                    41,                    0.105,                    4,                    26000,                    19402,                    3919,                    0,                    0,                    
                                    339,                    339,                    449,                    37.502,                    41,                    0.105,                    4,                    26000,                    19402,                    3919,                    0,                    0,                    
                                    340,                    340,                    449,                    37.502,                    41,                    0.105,                    4,                    26000,                    19402,                    3919,                    0,                    0,                    
                                    341,                    341,                    449,                    37.502,                    41,                    0.105,                    4,                    26000,                    19402,                    3919,                    0,                    0,                    
                                    342,                    342,                    449,                    37.502,                    41,                    0.105,                    4,                    26000,                    19402,                    3919,                    0,                    0,                    
                                    343,                    343,                    449,                    37.502,                    41,                    0.105,                    4,                    26000,                    19402,                    3919,                    0,                    0,                    
                                    344,                    344,                    449,                    37.502,                    41,                    0.105,                    4,                    26000,                    19402,                    3919,                    0,                    0,                    
                                    345,                    345,                    449,                    37.502,                    41,                    0.105,                    4,                    26000,                    19402,                    3919,                    0,                    0,                    
                                    346,                    346,                    449,                    37.502,                    41,                    0.105,                    4,                    26000,                    19402,                    3919,                    0,                    0,                    
                                    347,                    347,                    449,                    37.502,                    41,                    0.105,                    4,                    26000,                    19402,                    3919,                    0,                    0,                    
                                    348,                    348,                    449,                    37.502,                    41,                    0.105,                    4,                    26000,                    19402,                    3919,                    0,                    0,                    
                                    349,                    349,                    449,                    37.502,                    41,                    0.105,                    4,                    26000,                    19402,                    3919,                    0,                    0,                    
                                    350,                    350,                    449,                    37.502,                    41,                    0.105,                    4,                    26000,                    19402,                    3919,                    0,                    0,                    
                                    351,                    351,                    449,                    37.502,                    41,                    0.105,                    4,                    26000,                    19402,                    3919,                    0,                    0,                    
                                    352,                    352,                    449,                    37.502,                    41,                    0.105,                    4,                    26000,                    19402,                    3919,                    0,                    0,                    
                                    353,                    353,                    449,                    37.502,                    41,                    0.105,                    4,                    26000,                    19402,                    3919,                    0,                    0,                    
                                    354,                    354,                    449,                    37.502,                    41,                    0.105,                    4,                    26000,                    19402,                    3919,                    0,                    0,                    
                                    355,                    355,                    449,                    37.502,                    41,                    0.105,                    4,                    26000,                    19402,                    3919,                    0,                    0,                    
                                    356,                    356,                    449,                    37.502,                    41,                    0.105,                    4,                    26000,                    19402,                    3919,                    0,                    0,                    
                                    357,                    357,                    449,                    37.502,                    41,                    0.105,                    4,                    26000,                    19402,                    3919,                    0,                    0,                    
                                    358,                    358,                    449,                    37.502,                    41,                    0.105,                    4,                    26000,                    19402,                    3919,                    0,                    0,                    
                                    359,                    359,                    449,                    37.502,                    41,                    0.105,                    4,                    26000,                    19402,                    3919,                    0,                    0,                    
                                    360,                    360,                    449,                    37.502,                    41,                    0.105,                    4,                    26000,                    19402,                    3919,                    0,                    0,                    
                                    361,                    361,                    449,                    37.502,                    41,                    0.105,                    4,                    26000,                    19402,                    3919,                    0,                    0,                    
                                    362,                    362,                    449,                    37.502,                    41,                    0.105,                    4,                    26000,                    19402,                    3919,                    0,                    0,                    
                                    363,                    363,                    449,                    37.502,                    41,                    0.105,                    4,                    26000,                    19402,                    3919,                    0,                    0,                    
                                    364,                    364,                    449,                    37.502,                    41,                    0.105,                    4,                    26000,                    19402,                    3919,                    0,                    0,                    
                                    365,                    365,                    449,                    37.502,                    41,                    0.105,                    4,                    26000,                    19402,                    3919,                    0,                    0,                    
                                    366,                    366,                    404,                    37.065,                    42,                    0.105,                    4,                    26000,                    19402,                    3919,                    0,                    0,                    
                                    367,                    367,                    404,                    37.065,                    42,                    0.105,                    4,                    26000,                    19402,                    3919,                    0,                    0,                    
                                    368,                    368,                    404,                    37.065,                    42,                    0.105,                    4,                    26000,                    19402,                    3919,                    0,                    0,                    
                                    369,                    369,                    404,                    37.065,                    42,                    0.105,                    4,                    26000,                    19402,                    3919,                    0,                    0,                    
                                    370,                    370,                    404,                    37.065,                    42,                    0.105,                    4,                    26000,                    19402,                    3919,                    0,                    0,                    
                                    371,                    371,                    404,                    37.065,                    42,                    0.105,                    4,                    26000,                    19402,                    3919,                    0,                    0,                    
                                    372,                    372,                    404,                    37.065,                    42,                    0.105,                    4,                    26000,                    19402,                    3919,                    0,                    0,                    
                                    373,                    373,                    404,                    37.065,                    42,                    0.105,                    4,                    26000,                    19402,                    3919,                    0,                    0,                    
                                    374,                    374,                    404,                    37.065,                    42,                    0.105,                    4,                    26000,                    19402,                    3919,                    0,                    0,                    
                                    375,                    375,                    404,                    37.065,                    42,                    0.105,                    4,                    26000,                    19402,                    3919,                    0,                    0,                    
                                    376,                    376,                    404,                    37.065,                    42,                    0.105,                    4,                    26000,                    19402,                    3919,                    0,                    0,                    
                                    377,                    377,                    404,                    37.065,                    42,                    0.105,                    4,                    26000,                    19402,                    3919,                    0,                    0,                    
                                    378,                    378,                    404,                    37.065,                    42,                    0.105,                    4,                    26000,                    19402,                    3919,                    0,                    0,                    
                                    379,                    379,                    404,                    37.065,                    42,                    0.105,                    4,                    26000,                    19402,                    3919,                    0,                    0,                    
                                    380,                    380,                    404,                    37.065,                    42,                    0.105,                    4,                    26000,                    19402,                    3919,                    0,                    0,                    
                                    381,                    381,                    404,                    37.065,                    42,                    0.105,                    4,                    26000,                    19402,                    3919,                    0,                    0,                    
                                    382,                    382,                    404,                    37.065,                    42,                    0.105,                    4,                    26000,                    19402,                    3919,                    0,                    0,                    
                                    383,                    383,                    404,                    37.065,                    42,                    0.105,                    4,                    26000,                    19402,                    3919,                    0,                    0,                    
                                    384,                    384,                    404,                    37.065,                    42,                    0.105,                    4,                    26000,                    19402,                    3919,                    0,                    0,                    
                                    385,                    385,                    404,                    37.065,                    42,                    0.105,                    4,                    26000,                    19402,                    3919,                    0,                    0,                    
                                    386,                    386,                    404,                    37.065,                    42,                    0.105,                    4,                    26000,                    19402,                    3919,                    0,                    0,                    
                                    387,                    387,                    404,                    37.065,                    42,                    0.105,                    4,                    26000,                    19402,                    3919,                    0,                    0,                    
                                    388,                    388,                    404,                    37.065,                    42,                    0.105,                    4,                    26000,                    19402,                    3919,                    0,                    0,                    
                                    389,                    389,                    404,                    37.065,                    42,                    0.105,                    4,                    26000,                    19402,                    3919,                    0,                    0,                    
                                    390,                    390,                    404,                    37.065,                    42,                    0.105,                    4,                    26000,                    19402,                    3919,                    0,                    0,                    
                                    391,                    391,                    404,                    37.065,                    42,                    0.105,                    4,                    26000,                    19402,                    3919,                    0,                    0,                    
                                    392,                    392,                    404,                    37.065,                    42,                    0.105,                    4,                    26000,                    19402,                    3919,                    0,                    0,                    
                                    393,                    393,                    404,                    37.065,                    42,                    0.105,                    4,                    26000,                    19402,                    3919,                    0,                    0,                    
                                    394,                    394,                    404,                    37.065,                    42,                    0.105,                    4,                    26000,                    19402,                    3919,                    0,                    0,                    
                                    395,                    395,                    404,                    37.065,                    42,                    0.105,                    4,                    26000,                    19402,                    3919,                    0,                    0,                    
                                    396,                    396,                    404,                    37.065,                    42,                    0.105,                    4,                    26000,                    19402,                    3919,                    0,                    0,                    
                                    397,                    397,                    334,                    36.954,                    42,                    0.105,                    4,                    26000,                    19402,                    3919,                    0,                    0,                    
                                    398,                    398,                    334,                    36.954,                    42,                    0.105,                    4,                    26000,                    19402,                    3919,                    0,                    0,                    
                                    399,                    399,                    334,                    36.954,                    42,                    0.105,                    4,                    26000,                    19402,                    3919,                    0,                    0,                    
                                    400,                    400,                    334,                    36.954,                    42,                    0.105,                    4,                    26000,                    19402,                    3919,                    0,                    0,                    
                                    401,                    401,                    334,                    36.954,                    42,                    0.105,                    4,                    26000,                    19402,                    3919,                    0,                    0,                    
                                    402,                    402,                    334,                    36.954,                    42,                    0.105,                    4,                    26000,                    19402,                    3919,                    0,                    0,                    
                                    403,                    403,                    334,                    36.954,                    42,                    0.105,                    4,                    26000,                    19402,                    3919,                    0,                    0,                    
                                    404,                    404,                    334,                    36.954,                    42,                    0.105,                    4,                    26000,                    19402,                    3919,                    0,                    0,                    
                                    405,                    405,                    334,                    36.954,                    42,                    0.105,                    4,                    26000,                    19402,                    3919,                    0,                    0,                    
                                    406,                    406,                    334,                    36.954,                    42,                    0.105,                    4,                    26000,                    19402,                    3919,                    0,                    0,                    
                                    407,                    407,                    334,                    36.954,                    42,                    0.105,                    4,                    26000,                    19402,                    3919,                    0,                    0,                    
                                    408,                    408,                    334,                    36.954,                    42,                    0.105,                    4,                    26000,                    19402,                    3919,                    0,                    0,                    
                                    409,                    409,                    334,                    36.954,                    42,                    0.105,                    4,                    26000,                    19402,                    3919,                    0,                    0,                    
                                    410,                    410,                    334,                    36.954,                    42,                    0.105,                    4,                    26000,                    19402,                    3919,                    0,                    0,                    
                                    411,                    411,                    334,                    36.954,                    42,                    0.105,                    4,                    26000,                    19402,                    3919,                    0,                    0,                    
                                    412,                    412,                    334,                    36.954,                    42,                    0.105,                    4,                    26000,                    19402,                    3919,                    0,                    0,                    
                                    413,                    413,                    334,                    36.954,                    42,                    0.105,                    4,                    26000,                    19402,                    3919,                    0,                    0,                    
                                    414,                    414,                    334,                    36.954,                    42,                    0.105,                    4,                    26000,                    19402,                    3919,                    0,                    0,                    
                                    415,                    415,                    334,                    36.954,                    42,                    0.105,                    4,                    26000,                    19402,                    3919,                    0,                    0,                    
                                    416,                    416,                    334,                    36.954,                    42,                    0.105,                    4,                    26000,                    19402,                    3919,                    0,                    0,                    
                                    417,                    417,                    334,                    36.954,                    42,                    0.105,                    4,                    26000,                    19402,                    3919,                    0,                    0,                    
                                    418,                    418,                    334,                    36.954,                    42,                    0.105,                    4,                    26000,                    19402,                    3919,                    0,                    0,                    
                                    419,                    419,                    334,                    36.954,                    42,                    0.105,                    4,                    26000,                    19402,                    3919,                    0,                    0,                    
                                    420,                    420,                    334,                    36.954,                    42,                    0.105,                    4,                    26000,                    19402,                    3919,                    0,                    0,                    
                                    421,                    421,                    334,                    36.954,                    42,                    0.105,                    4,                    26000,                    19402,                    3919,                    0,                    0,                    
                                    422,                    422,                    334,                    36.954,                    42,                    0.105,                    4,                    26000,                    19402,                    3919,                    0,                    0,                    
                                    423,                    423,                    334,                    36.954,                    42,                    0.105,                    4,                    26000,                    19402,                    3919,                    0,                    0,                    
                                    424,                    424,                    334,                    36.954,                    42,                    0.105,                    4,                    26000,                    19402,                    3919,                    0,                    0,                    
                                    425,                    425,                    345,                    37.232,                    42,                    0.105,                    4,                    26000,                    19402,                    3919,                    0,                    0,                    
                                    426,                    426,                    345,                    37.232,                    42,                    0.105,                    4,                    26000,                    19402,                    3919,                    0,                    0,                    
                                    427,                    427,                    345,                    37.232,                    42,                    0.105,                    4,                    26000,                    19402,                    3919,                    0,                    0,                    
                                    428,                    428,                    345,                    37.232,                    42,                    0.105,                    4,                    26000,                    19402,                    3919,                    0,                    0,                    
                                    429,                    429,                    345,                    37.232,                    42,                    0.105,                    4,                    26000,                    19402,                    3919,                    0,                    0,                    
                                    430,                    430,                    345,                    37.232,                    42,                    0.105,                    4,                    26000,                    19402,                    3919,                    0,                    0,                    
                                    431,                    431,                    345,                    37.232,                    42,                    0.105,                    4,                    26000,                    19402,                    3919,                    0,                    0,                    
                                    432,                    432,                    345,                    37.232,                    42,                    0.105,                    4,                    26000,                    19402,                    3919,                    0,                    0,                    
                                    433,                    433,                    345,                    37.232,                    42,                    0.105,                    4,                    26000,                    19402,                    3919,                    0,                    0,                    
                                    434,                    434,                    345,                    37.232,                    42,                    0.105,                    4,                    26000,                    19402,                    3919,                    0,                    0,                    
                                    435,                    435,                    345,                    37.232,                    42,                    0.105,                    4,                    26000,                    19402,                    3919,                    0,                    0,                    
                                    436,                    436,                    345,                    37.232,                    42,                    0.105,                    4,                    26000,                    19402,                    3919,                    0,                    0,                    
                                    437,                    437,                    345,                    37.232,                    42,                    0.105,                    4,                    26000,                    19402,                    3919,                    0,                    0,                    
                                    438,                    438,                    345,                    37.232,                    42,                    0.105,                    4,                    26000,                    19402,                    3919,                    0,                    0,                    
                                    439,                    439,                    345,                    37.232,                    42,                    0.105,                    4,                    26000,                    19402,                    3919,                    0,                    0,                    
                                    440,                    440,                    345,                    37.232,                    42,                    0.105,                    4,                    26000,                    19402,                    3919,                    0,                    0,                    
                                    441,                    441,                    345,                    37.232,                    42,                    0.105,                    4,                    26000,                    19402,                    3919,                    0,                    0,                    
                                    442,                    442,                    345,                    37.232,                    42,                    0.105,                    4,                    26000,                    19402,                    3919,                    0,                    0,                    
                                    443,                    443,                    345,                    37.232,                    42,                    0.105,                    4,                    26000,                    19402,                    3919,                    0,                    0,                    
                                    444,                    444,                    345,                    37.232,                    42,                    0.105,                    4,                    26000,                    19402,                    3919,                    0,                    0,                    
                                    445,                    445,                    345,                    37.232,                    42,                    0.105,                    4,                    26000,                    19402,                    3919,                    0,                    0,                    
                                    446,                    446,                    345,                    37.232,                    42,                    0.105,                    4,                    26000,                    19402,                    3919,                    0,                    0,                    
                                    447,                    447,                    345,                    37.232,                    42,                    0.105,                    4,                    26000,                    19402,                    3919,                    0,                    0,                    
                                    448,                    448,                    345,                    37.232,                    42,                    0.105,                    4,                    26000,                    19402,                    3919,                    0,                    0,                    
                                    449,                    449,                    345,                    37.232,                    42,                    0.105,                    4,                    26000,                    19402,                    3919,                    0,                    0,                    
                                    450,                    450,                    345,                    37.232,                    42,                    0.105,                    4,                    26000,                    19402,                    3919,                    0,                    0,                    
                                    451,                    451,                    345,                    37.232,                    42,                    0.105,                    4,                    26000,                    19402,                    3919,                    0,                    0,                    
                                    452,                    452,                    345,                    37.232,                    42,                    0.105,                    4,                    26000,                    19402,                    3919,                    0,                    0,                    
                                    453,                    453,                    345,                    37.232,                    42,                    0.105,                    4,                    26000,                    19402,                    3919,                    0,                    0,                    
                                    454,                    454,                    345,                    37.232,                    42,                    0.105,                    4,                    26000,                    19402,                    3919,                    0,                    0,                    
                                    455,                    455,                    345,                    37.232,                    42,                    0.105,                    4,                    26000,                    19402,                    3919,                    0,                    0,                    
                                    456,                    456,                    344,                    38.336,                    41,                    0.105,                    4,                    26000,                    19402,                    3919,                    0,                    0,                    
                                    457,                    457,                    344,                    38.336,                    41,                    0.105,                    4,                    26000,                    19402,                    3919,                    0,                    0,                    
                                    458,                    458,                    344,                    38.336,                    41,                    0.105,                    4,                    26000,                    19402,                    3919,                    0,                    0,                    
                                    459,                    459,                    344,                    38.336,                    41,                    0.105,                    4,                    26000,                    19402,                    3919,                    0,                    0,                    
                                    460,                    460,                    344,                    38.336,                    41,                    0.105,                    4,                    26000,                    19402,                    3919,                    0,                    0,                    
                                    461,                    461,                    344,                    38.336,                    41,                    0.105,                    4,                    26000,                    19402,                    3919,                    0,                    0,                    
                                    462,                    462,                    344,                    38.336,                    41,                    0.105,                    4,                    26000,                    19402,                    3919,                    0,                    0,                    
                                    463,                    463,                    344,                    38.336,                    41,                    0.105,                    4,                    26000,                    19402,                    3919,                    0,                    0,                    
                                    464,                    464,                    344,                    38.336,                    41,                    0.105,                    4,                    26000,                    19402,                    3919,                    0,                    0,                    
                                    465,                    465,                    344,                    38.336,                    41,                    0.105,                    4,                    26000,                    19402,                    3919,                    0,                    0,                    
                                    466,                    466,                    344,                    38.336,                    41,                    0.105,                    4,                    26000,                    19402,                    3919,                    0,                    0,                    
                                    467,                    467,                    344,                    38.336,                    41,                    0.105,                    4,                    26000,                    19402,                    3919,                    0,                    0,                    
                                    468,                    468,                    344,                    38.336,                    41,                    0.105,                    4,                    26000,                    19402,                    3919,                    0,                    0,                    
                                    469,                    469,                    344,                    38.336,                    41,                    0.105,                    4,                    26000,                    19402,                    3919,                    0,                    0,                    
                                    470,                    470,                    344,                    38.336,                    41,                    0.105,                    4,                    26000,                    19402,                    3919,                    0,                    0,                    
                                    471,                    471,                    344,                    38.336,                    41,                    0.105,                    4,                    26000,                    19402,                    3919,                    0,                    0,                    
                                    472,                    472,                    344,                    38.336,                    41,                    0.105,                    4,                    26000,                    19402,                    3919,                    0,                    0,                    
                                    473,                    473,                    344,                    38.336,                    41,                    0.105,                    4,                    26000,                    19402,                    3919,                    0,                    0,                    
                                    474,                    474,                    344,                    38.336,                    41,                    0.105,                    4,                    26000,                    19402,                    3919,                    0,                    0,                    
                                    475,                    475,                    344,                    38.336,                    41,                    0.105,                    4,                    26000,                    19402,                    3919,                    0,                    0,                    
                                    476,                    476,                    344,                    38.336,                    41,                    0.105,                    4,                    26000,                    19402,                    3919,                    0,                    0,                    
                                    477,                    477,                    344,                    38.336,                    41,                    0.105,                    4,                    26000,                    19402,                    3919,                    0,                    0,                    
                                    478,                    478,                    344,                    38.336,                    41,                    0.105,                    4,                    26000,                    19402,                    3919,                    0,                    0,                    
                                    479,                    479,                    344,                    38.336,                    41,                    0.105,                    4,                    26000,                    19402,                    3919,                    0,                    0,                    
                                    480,                    480,                    344,                    38.336,                    41,                    0.105,                    4,                    26000,                    19402,                    3919,                    0,                    0,                    
                                    481,                    481,                    344,                    38.336,                    41,                    0.105,                    4,                    26000,                    19402,                    3919,                    0,                    0,                    
                                    482,                    482,                    344,                    38.336,                    41,                    0.105,                    4,                    26000,                    19402,                    3919,                    0,                    0,                    
                                    483,                    483,                    344,                    38.336,                    41,                    0.105,                    4,                    26000,                    19402,                    3919,                    0,                    0,                    
                                    484,                    484,                    344,                    38.336,                    41,                    0.105,                    4,                    26000,                    19402,                    3919,                    0,                    0,                    
                                    485,                    485,                    344,                    38.336,                    41,                    0.105,                    4,                    26000,                    19402,                    3919,                    0,                    0,                    
                                    486,                    486,                    406,                    39.917,                    41,                    0.105,                    4,                    26000,                    19402,                    3919,                    0,                    0,                    
                                    487,                    487,                    406,                    39.917,                    41,                    0.105,                    4,                    26000,                    19402,                    3919,                    0,                    0,                    
                                    488,                    488,                    406,                    39.917,                    41,                    0.105,                    4,                    26000,                    19402,                    3919,                    0,                    0,                    
                                    489,                    489,                    406,                    39.917,                    41,                    0.105,                    4,                    26000,                    19402,                    3919,                    0,                    0,                    
                                    490,                    490,                    406,                    39.917,                    41,                    0.105,                    4,                    26000,                    19402,                    3919,                    0,                    0,                    
                                    491,                    491,                    406,                    39.917,                    41,                    0.105,                    4,                    26000,                    19402,                    3919,                    0,                    0,                    
                                    492,                    492,                    406,                    39.917,                    41,                    0.105,                    4,                    26000,                    19402,                    3919,                    0,                    0,                    
                                    493,                    493,                    406,                    39.917,                    41,                    0.105,                    4,                    26000,                    19402,                    3919,                    0,                    0,                    
                                    494,                    494,                    406,                    39.917,                    41,                    0.105,                    4,                    26000,                    19402,                    3919,                    0,                    0,                    
                                    495,                    495,                    406,                    39.917,                    41,                    0.105,                    4,                    26000,                    19402,                    3919,                    0,                    0,                    
                                    496,                    496,                    406,                    39.917,                    41,                    0.105,                    4,                    26000,                    19402,                    3919,                    0,                    0,                    
                                    497,                    497,                    406,                    39.917,                    41,                    0.105,                    4,                    26000,                    19402,                    3919,                    0,                    0,                    
                                    498,                    498,                    406,                    39.917,                    41,                    0.105,                    4,                    26000,                    19402,                    3919,                    0,                    0,                    
                                    499,                    499,                    406,                    39.917,                    41,                    0.105,                    4,                    26000,                    19402,                    3919,                    0,                    0,                    
                                    500,                    500,                    406,                    39.917,                    41,                    0.105,                    4,                    26000,                    19402,                    3919,                    0,                    0,                    
                                    501,                    501,                    406,                    39.917,                    41,                    0.105,                    4,                    26000,                    19402,                    3919,                    0,                    0,                    
                                    502,                    502,                    406,                    39.917,                    41,                    0.105,                    4,                    26000,                    19402,                    3919,                    0,                    0,                    
                                    503,                    503,                    406,                    39.917,                    41,                    0.105,                    4,                    26000,                    19402,                    3919,                    0,                    0,                    
                                    504,                    504,                    406,                    39.917,                    41,                    0.105,                    4,                    26000,                    19402,                    3919,                    0,                    0,                    
                                    505,                    505,                    406,                    39.917,                    41,                    0.105,                    4,                    26000,                    19402,                    3919,                    0,                    0,                    
                                    506,                    506,                    406,                    39.917,                    41,                    0.105,                    4,                    26000,                    19402,                    3919,                    0,                    0,                    
                                    507,                    507,                    406,                    39.917,                    41,                    0.105,                    4,                    26000,                    19402,                    3919,                    0,                    0,                    
                                    508,                    508,                    406,                    39.917,                    41,                    0.105,                    4,                    26000,                    19402,                    3919,                    0,                    0,                    
                                    509,                    509,                    406,                    39.917,                    41,                    0.105,                    4,                    26000,                    19402,                    3919,                    0,                    0,                    
                                    510,                    510,                    406,                    39.917,                    41,                    0.105,                    4,                    26000,                    19402,                    3919,                    0,                    0,                    
                                    511,                    511,                    406,                    39.917,                    41,                    0.105,                    4,                    26000,                    19402,                    3919,                    0,                    0,                    
                                    512,                    512,                    406,                    39.917,                    41,                    0.105,                    4,                    26000,                    19402,                    3919,                    0,                    0,                    
                                    513,                    513,                    406,                    39.917,                    41,                    0.105,                    4,                    26000,                    19402,                    3919,                    0,                    0,                    
                                    514,                    514,                    406,                    39.917,                    41,                    0.105,                    4,                    26000,                    19402,                    3919,                    0,                    0,                    
                                    515,                    515,                    406,                    39.917,                    41,                    0.105,                    4,                    26000,                    19402,                    3919,                    0,                    0,                    
                                    516,                    516,                    406,                    39.917,                    41,                    0.105,                    4,                    26000,                    19402,                    3919,                    0,                    0,                    
                                    517,                    517,                    441,                    41.005,                    40,                    0.105,                    4,                    26000,                    19402,                    3919,                    0,                    0,                    
                                    518,                    518,                    441,                    41.005,                    40,                    0.105,                    4,                    26000,                    19402,                    3919,                    0,                    0,                    
                                    519,                    519,                    441,                    41.005,                    40,                    0.105,                    4,                    26000,                    19402,                    3919,                    0,                    0,                    
                                    520,                    520,                    441,                    41.005,                    40,                    0.105,                    4,                    26000,                    19402,                    3919,                    0,                    0,                    
                                    521,                    521,                    441,                    41.005,                    40,                    0.105,                    4,                    26000,                    19402,                    3919,                    0,                    0,                    
                                    522,                    522,                    441,                    41.005,                    40,                    0.105,                    4,                    26000,                    19402,                    3919,                    0,                    0,                    
                                    523,                    523,                    441,                    41.005,                    40,                    0.105,                    4,                    26000,                    19402,                    3919,                    0,                    0,                    
                                    524,                    524,                    441,                    41.005,                    40,                    0.105,                    4,                    26000,                    19402,                    3919,                    0,                    0,                    
                                    525,                    525,                    441,                    41.005,                    40,                    0.105,                    4,                    26000,                    19402,                    3919,                    0,                    0,                    
                                    526,                    526,                    441,                    41.005,                    40,                    0.105,                    4,                    26000,                    19402,                    3919,                    0,                    0,                    
                                    527,                    527,                    441,                    41.005,                    40,                    0.105,                    4,                    26000,                    19402,                    3919,                    0,                    0,                    
                                    528,                    528,                    441,                    41.005,                    40,                    0.105,                    4,                    26000,                    19402,                    3919,                    0,                    0,                    
                                    529,                    529,                    441,                    41.005,                    40,                    0.105,                    4,                    26000,                    19402,                    3919,                    0,                    0,                    
                                    530,                    530,                    441,                    41.005,                    40,                    0.105,                    4,                    26000,                    19402,                    3919,                    0,                    0,                    
                                    531,                    531,                    441,                    41.005,                    40,                    0.105,                    4,                    26000,                    19402,                    3919,                    0,                    0,                    
                                    532,                    532,                    441,                    41.005,                    40,                    0.105,                    4,                    26000,                    19402,                    3919,                    0,                    0,                    
                                    533,                    533,                    441,                    41.005,                    40,                    0.105,                    4,                    26000,                    19402,                    3919,                    0,                    0,                    
                                    534,                    534,                    441,                    41.005,                    40,                    0.105,                    4,                    26000,                    19402,                    3919,                    0,                    0,                    
                                    535,                    535,                    441,                    41.005,                    40,                    0.105,                    4,                    26000,                    19402,                    3919,                    0,                    0,                    
                                    536,                    536,                    441,                    41.005,                    40,                    0.105,                    4,                    26000,                    19402,                    3919,                    0,                    0,                    
                                    537,                    537,                    441,                    41.005,                    40,                    0.105,                    4,                    26000,                    19402,                    3919,                    0,                    0,                    
                                    538,                    538,                    441,                    41.005,                    40,                    0.105,                    4,                    26000,                    19402,                    3919,                    0,                    0,                    
                                    539,                    539,                    441,                    41.005,                    40,                    0.105,                    4,                    26000,                    19402,                    3919,                    0,                    0,                    
                                    540,                    540,                    441,                    41.005,                    40,                    0.105,                    4,                    26000,                    19402,                    3919,                    0,                    0,                    
                                    541,                    541,                    441,                    41.005,                    40,                    0.105,                    4,                    26000,                    19402,                    3919,                    0,                    0,                    
                                    542,                    542,                    441,                    41.005,                    40,                    0.105,                    4,                    26000,                    19402,                    3919,                    0,                    0,                    
                                    543,                    543,                    441,                    41.005,                    40,                    0.105,                    4,                    26000,                    19402,                    3919,                    0,                    0,                    
                                    544,                    544,                    441,                    41.005,                    40,                    0.105,                    4,                    26000,                    19402,                    3919,                    0,                    0,                    
                                    545,                    545,                    441,                    41.005,                    40,                    0.105,                    4,                    26000,                    19402,                    3919,                    0,                    0,                    
                                    546,                    546,                    441,                    41.005,                    40,                    0.105,                    4,                    26000,                    19402,                    3919,                    0,                    0,                    
                                    547,                    547,                    533,                    41.878,                    40,                    0.105,                    4,                    26000,                    19402,                    3919,                    0,                    0,                    
                                    548,                    548,                    533,                    41.878,                    40,                    0.105,                    4,                    26000,                    19402,                    3919,                    0,                    0,                    
                                    549,                    549,                    533,                    41.878,                    40,                    0.105,                    4,                    26000,                    19402,                    3919,                    0,                    0,                    
                                    550,                    550,                    533,                    41.878,                    40,                    0.105,                    4,                    26000,                    19402,                    3919,                    0,                    0,                    
                                    551,                    551,                    533,                    41.878,                    40,                    0.105,                    4,                    26000,                    19402,                    3919,                    0,                    0,                    
                                    552,                    552,                    533,                    41.878,                    40,                    0.105,                    4,                    26000,                    19402,                    3919,                    0,                    0,                    
                                    553,                    553,                    533,                    41.878,                    40,                    0.105,                    4,                    26000,                    19402,                    3919,                    0,                    0,                    
                                    554,                    554,                    533,                    41.878,                    40,                    0.105,                    4,                    26000,                    19402,                    3919,                    0,                    0,                    
                                    555,                    555,                    533,                    41.878,                    40,                    0.105,                    4,                    26000,                    19402,                    3919,                    0,                    0,                    
                                    556,                    556,                    533,                    41.878,                    40,                    0.105,                    4,                    26000,                    19402,                    3919,                    0,                    0,                    
                                    557,                    557,                    533,                    41.878,                    40,                    0.105,                    4,                    26000,                    19402,                    3919,                    0,                    0,                    
                                    558,                    558,                    533,                    41.878,                    40,                    0.105,                    4,                    26000,                    19402,                    3919,                    0,                    0,                    
                                    559,                    559,                    533,                    41.878,                    40,                    0.105,                    4,                    26000,                    19402,                    3919,                    0,                    0,                    
                                    560,                    560,                    533,                    41.878,                    40,                    0.105,                    4,                    26000,                    19402,                    3919,                    0,                    0,                    
                                    561,                    561,                    533,                    41.878,                    40,                    0.105,                    4,                    26000,                    19402,                    3919,                    0,                    0,                    
                                    562,                    562,                    533,                    41.878,                    40,                    0.105,                    4,                    26000,                    19402,                    3919,                    0,                    0,                    
                                    563,                    563,                    533,                    41.878,                    40,                    0.105,                    4,                    26000,                    19402,                    3919,                    0,                    0,                    
                                    564,                    564,                    533,                    41.878,                    40,                    0.105,                    4,                    26000,                    19402,                    3919,                    0,                    0,                    
                                    565,                    565,                    533,                    41.878,                    40,                    0.105,                    4,                    26000,                    19402,                    3919,                    0,                    0,                    
                                    566,                    566,                    533,                    41.878,                    40,                    0.105,                    4,                    26000,                    19402,                    3919,                    0,                    0,                    
                                    567,                    567,                    533,                    41.878,                    40,                    0.105,                    4,                    26000,                    19402,                    3919,                    0,                    0,                    
                                    568,                    568,                    533,                    41.878,                    40,                    0.105,                    4,                    26000,                    19402,                    3919,                    0,                    0,                    
                                    569,                    569,                    533,                    41.878,                    40,                    0.105,                    4,                    26000,                    19402,                    3919,                    0,                    0,                    
                                    570,                    570,                    533,                    41.878,                    40,                    0.105,                    4,                    26000,                    19402,                    3919,                    0,                    0,                    
                                    571,                    571,                    533,                    41.878,                    40,                    0.105,                    4,                    26000,                    19402,                    3919,                    0,                    0,                    
                                    572,                    572,                    533,                    41.878,                    40,                    0.105,                    4,                    26000,                    19402,                    3919,                    0,                    0,                    
                                    573,                    573,                    533,                    41.878,                    40,                    0.105,                    4,                    26000,                    19402,                    3919,                    0,                    0,                    
                                    574,                    574,                    533,                    41.878,                    40,                    0.105,                    4,                    26000,                    19402,                    3919,                    0,                    0,                    
                                    575,                    575,                    533,                    41.878,                    40,                    0.105,                    4,                    26000,                    19402,                    3919,                    0,                    0,                    
                                    576,                    576,                    533,                    41.878,                    40,                    0.105,                    4,                    26000,                    19402,                    3919,                    0,                    0,                    
                                    577,                    577,                    533,                    41.878,                    40,                    0.105,                    4,                    26000,                    19402,                    3919,                    0,                    0,                    
                                    578,                    578,                    583,                    42.251,                    39,                    0.105,                    4,                    26000,                    19402,                    3919,                    0,                    0,                    
                                    579,                    579,                    583,                    42.251,                    39,                    0.105,                    4,                    26000,                    19402,                    3919,                    0,                    0,                    
                                    580,                    580,                    583,                    42.251,                    39,                    0.105,                    4,                    26000,                    19402,                    3919,                    0,                    0,                    
                                    581,                    581,                    583,                    42.251,                    39,                    0.105,                    4,                    26000,                    19402,                    3919,                    0,                    0,                    
                                    582,                    582,                    583,                    42.251,                    39,                    0.105,                    4,                    26000,                    19402,                    3919,                    0,                    0,                    
                                    583,                    583,                    583,                    42.251,                    39,                    0.105,                    4,                    26000,                    19402,                    3919,                    0,                    0,                    
                                    584,                    584,                    583,                    42.251,                    39,                    0.105,                    4,                    26000,                    19402,                    3919,                    0,                    0,                    
                                    585,                    585,                    583,                    42.251,                    39,                    0.105,                    4,                    26000,                    19402,                    3919,                    0,                    0,                    
                                    586,                    586,                    583,                    42.251,                    39,                    0.105,                    4,                    26000,                    19402,                    3919,                    0,                    0,                    
                                    587,                    587,                    583,                    42.251,                    39,                    0.105,                    4,                    26000,                    19402,                    3919,                    0,                    0,                    
                                    588,                    588,                    583,                    42.251,                    39,                    0.105,                    4,                    26000,                    19402,                    3919,                    0,                    0,                    
                                    589,                    589,                    583,                    42.251,                    39,                    0.105,                    4,                    26000,                    19402,                    3919,                    0,                    0,                    
                                    590,                    590,                    583,                    42.251,                    39,                    0.105,                    4,                    26000,                    19402,                    3919,                    0,                    0,                    
                                    591,                    591,                    583,                    42.251,                    39,                    0.105,                    4,                    26000,                    19402,                    3919,                    0,                    0,                    
                                    592,                    592,                    583,                    42.251,                    39,                    0.105,                    4,                    26000,                    19402,                    3919,                    0,                    0,                    
                                    593,                    593,                    583,                    42.251,                    39,                    0.105,                    4,                    26000,                    19402,                    3919,                    0,                    0,                    
                                    594,                    594,                    583,                    42.251,                    39,                    0.105,                    4,                    26000,                    19402,                    3919,                    0,                    0,                    
                                    595,                    595,                    583,                    42.251,                    39,                    0.105,                    4,                    26000,                    19402,                    3919,                    0,                    0,                    
                                    596,                    596,                    583,                    42.251,                    39,                    0.105,                    4,                    26000,                    19402,                    3919,                    0,                    0,                    
                                    597,                    597,                    583,                    42.251,                    39,                    0.105,                    4,                    26000,                    19402,                    3919,                    0,                    0,                    
                                    598,                    598,                    583,                    42.251,                    39,                    0.105,                    4,                    26000,                    19402,                    3919,                    0,                    0,                    
                                    599,                    599,                    583,                    42.251,                    39,                    0.105,                    4,                    26000,                    19402,                    3919,                    0,                    0,                    
                                    600,                    600,                    583,                    42.251,                    39,                    0.105,                    4,                    26000,                    19402,                    3919,                    0,                    0,                    
                                    601,                    601,                    583,                    42.251,                    39,                    0.105,                    4,                    26000,                    19402,                    3919,                    0,                    0,                    
                                    602,                    602,                    583,                    42.251,                    39,                    0.105,                    4,                    26000,                    19402,                    3919,                    0,                    0,                    
                                    603,                    603,                    583,                    42.251,                    39,                    0.105,                    4,                    26000,                    19402,                    3919,                    0,                    0,                    
                                    604,                    604,                    583,                    42.251,                    39,                    0.105,                    4,                    26000,                    19402,                    3919,                    0,                    0,                    
                                    605,                    605,                    583,                    42.251,                    39,                    0.105,                    4,                    26000,                    19402,                    3919,                    0,                    0,                    
                                    606,                    606,                    583,                    42.251,                    39,                    0.105,                    4,                    26000,                    19402,                    3919,                    0,                    0,                    
                                    607,                    607,                    583,                    42.251,                    39,                    0.105,                    4,                    26000,                    19402,                    3919,                    0,                    0,                    
                                    608,                    608,                    583,                    42.251,                    39,                    0.105,                    4,                    26000,                    19402,                    3919,                    0,                    0,                    
                                    609,                    609,                    529,                    42.017,                    39,                    0.105,                    4,                    26000,                    19402,                    3919,                    0,                    0,                    
                                    610,                    610,                    529,                    42.017,                    39,                    0.105,                    4,                    26000,                    19402,                    3919,                    0,                    0,                    
                                    611,                    611,                    529,                    42.017,                    39,                    0.105,                    4,                    26000,                    19402,                    3919,                    0,                    0,                    
                                    612,                    612,                    529,                    42.017,                    39,                    0.105,                    4,                    26000,                    19402,                    3919,                    0,                    0,                    
                                    613,                    613,                    529,                    42.017,                    39,                    0.105,                    4,                    26000,                    19402,                    3919,                    0,                    0,                    
                                    614,                    614,                    529,                    42.017,                    39,                    0.105,                    4,                    26000,                    19402,                    3919,                    0,                    0,                    
                                    615,                    615,                    529,                    42.017,                    39,                    0.105,                    4,                    26000,                    19402,                    3919,                    0,                    0,                    
                                    616,                    616,                    529,                    42.017,                    39,                    0.105,                    4,                    26000,                    19402,                    3919,                    0,                    0,                    
                                    617,                    617,                    529,                    42.017,                    39,                    0.105,                    4,                    26000,                    19402,                    3919,                    0,                    0,                    
                                    618,                    618,                    529,                    42.017,                    39,                    0.105,                    4,                    26000,                    19402,                    3919,                    0,                    0,                    
                                    619,                    619,                    529,                    42.017,                    39,                    0.105,                    4,                    26000,                    19402,                    3919,                    0,                    0,                    
                                    620,                    620,                    529,                    42.017,                    39,                    0.105,                    4,                    26000,                    19402,                    3919,                    0,                    0,                    
                                    621,                    621,                    529,                    42.017,                    39,                    0.105,                    4,                    26000,                    19402,                    3919,                    0,                    0,                    
                                    622,                    622,                    529,                    42.017,                    39,                    0.105,                    4,                    26000,                    19402,                    3919,                    0,                    0,                    
                                    623,                    623,                    529,                    42.017,                    39,                    0.105,                    4,                    26000,                    19402,                    3919,                    0,                    0,                    
                                    624,                    624,                    529,                    42.017,                    39,                    0.105,                    4,                    26000,                    19402,                    3919,                    0,                    0,                    
                                    625,                    625,                    529,                    42.017,                    39,                    0.105,                    4,                    26000,                    19402,                    3919,                    0,                    0,                    
                                    626,                    626,                    529,                    42.017,                    39,                    0.105,                    4,                    26000,                    19402,                    3919,                    0,                    0,                    
                                    627,                    627,                    529,                    42.017,                    39,                    0.105,                    4,                    26000,                    19402,                    3919,                    0,                    0,                    
                                    628,                    628,                    529,                    42.017,                    39,                    0.105,                    4,                    26000,                    19402,                    3919,                    0,                    0,                    
                                    629,                    629,                    529,                    42.017,                    39,                    0.105,                    4,                    26000,                    19402,                    3919,                    0,                    0,                    
                                    630,                    630,                    529,                    42.017,                    39,                    0.105,                    4,                    26000,                    19402,                    3919,                    0,                    0,                    
                                    631,                    631,                    529,                    42.017,                    39,                    0.105,                    4,                    26000,                    19402,                    3919,                    0,                    0,                    
                                    632,                    632,                    529,                    42.017,                    39,                    0.105,                    4,                    26000,                    19402,                    3919,                    0,                    0,                    
                                    633,                    633,                    529,                    42.017,                    39,                    0.105,                    4,                    26000,                    19402,                    3919,                    0,                    0,                    
                                    634,                    634,                    529,                    42.017,                    39,                    0.105,                    4,                    26000,                    19402,                    3919,                    0,                    0,                    
                                    635,                    635,                    529,                    42.017,                    39,                    0.105,                    4,                    26000,                    19402,                    3919,                    0,                    0,                    
                                    636,                    636,                    529,                    42.017,                    39,                    0.105,                    4,                    26000,                    19402,                    3919,                    0,                    0,                    
                                    637,                    637,                    529,                    42.017,                    39,                    0.105,                    4,                    26000,                    19402,                    3919,                    0,                    0,                    
                                    638,                    638,                    529,                    42.017,                    39,                    0.105,                    4,                    26000,                    19402,                    3919,                    0,                    0,                    
                                    639,                    639,                    482,                    41.444,                    39,                    0.105,                    4,                    26000,                    19402,                    3919,                    0,                    0,                    
                                    640,                    640,                    482,                    41.444,                    39,                    0.105,                    4,                    26000,                    19402,                    3919,                    0,                    0,                    
                                    641,                    641,                    482,                    41.444,                    39,                    0.105,                    4,                    26000,                    19402,                    3919,                    0,                    0,                    
                                    642,                    642,                    482,                    41.444,                    39,                    0.105,                    4,                    26000,                    19402,                    3919,                    0,                    0,                    
                                    643,                    643,                    482,                    41.444,                    39,                    0.105,                    4,                    26000,                    19402,                    3919,                    0,                    0,                    
                                    644,                    644,                    482,                    41.444,                    39,                    0.105,                    4,                    26000,                    19402,                    3919,                    0,                    0,                    
                                    645,                    645,                    482,                    41.444,                    39,                    0.105,                    4,                    26000,                    19402,                    3919,                    0,                    0,                    
                                    646,                    646,                    482,                    41.444,                    39,                    0.105,                    4,                    26000,                    19402,                    3919,                    0,                    0,                    
                                    647,                    647,                    482,                    41.444,                    39,                    0.105,                    4,                    26000,                    19402,                    3919,                    0,                    0,                    
                                    648,                    648,                    482,                    41.444,                    39,                    0.105,                    4,                    26000,                    19402,                    3919,                    0,                    0,                    
                                    649,                    649,                    482,                    41.444,                    39,                    0.105,                    4,                    26000,                    19402,                    3919,                    0,                    0,                    
                                    650,                    650,                    482,                    41.444,                    39,                    0.105,                    4,                    26000,                    19402,                    3919,                    0,                    0,                    
                                    651,                    651,                    482,                    41.444,                    39,                    0.105,                    4,                    26000,                    19402,                    3919,                    0,                    0,                    
                                    652,                    652,                    482,                    41.444,                    39,                    0.105,                    4,                    26000,                    19402,                    3919,                    0,                    0,                    
                                    653,                    653,                    482,                    41.444,                    39,                    0.105,                    4,                    26000,                    19402,                    3919,                    0,                    0,                    
                                    654,                    654,                    482,                    41.444,                    39,                    0.105,                    4,                    26000,                    19402,                    3919,                    0,                    0,                    
                                    655,                    655,                    482,                    41.444,                    39,                    0.105,                    4,                    26000,                    19402,                    3919,                    0,                    0,                    
                                    656,                    656,                    482,                    41.444,                    39,                    0.105,                    4,                    26000,                    19402,                    3919,                    0,                    0,                    
                                    657,                    657,                    482,                    41.444,                    39,                    0.105,                    4,                    26000,                    19402,                    3919,                    0,                    0,                    
                                    658,                    658,                    482,                    41.444,                    39,                    0.105,                    4,                    26000,                    19402,                    3919,                    0,                    0,                    
                                    659,                    659,                    482,                    41.444,                    39,                    0.105,                    4,                    26000,                    19402,                    3919,                    0,                    0,                    
                                    660,                    660,                    482,                    41.444,                    39,                    0.105,                    4,                    26000,                    19402,                    3919,                    0,                    0,                    
                                    661,                    661,                    482,                    41.444,                    39,                    0.105,                    4,                    26000,                    19402,                    3919,                    0,                    0,                    
                                    662,                    662,                    482,                    41.444,                    39,                    0.105,                    4,                    26000,                    19402,                    3919,                    0,                    0,                    
                                    663,                    663,                    482,                    41.444,                    39,                    0.105,                    4,                    26000,                    19402,                    3919,                    0,                    0,                    
                                    664,                    664,                    482,                    41.444,                    39,                    0.105,                    4,                    26000,                    19402,                    3919,                    0,                    0,                    
                                    665,                    665,                    482,                    41.444,                    39,                    0.105,                    4,                    26000,                    19402,                    3919,                    0,                    0,                    
                                    666,                    666,                    482,                    41.444,                    39,                    0.105,                    4,                    26000,                    19402,                    3919,                    0,                    0,                    
                                    667,                    667,                    482,                    41.444,                    39,                    0.105,                    4,                    26000,                    19402,                    3919,                    0,                    0,                    
                                    668,                    668,                    482,                    41.444,                    39,                    0.105,                    4,                    26000,                    19402,                    3919,                    0,                    0,                    
                                    669,                    669,                    482,                    41.444,                    39,                    0.105,                    4,                    26000,                    19402,                    3919,                    0,                    0,                    
                                    670,                    670,                    425,                    41.008,                    40,                    0.105,                    4,                    26000,                    19402,                    3919,                    0,                    0,                    
                                    671,                    671,                    425,                    41.008,                    40,                    0.105,                    4,                    26000,                    19402,                    3919,                    0,                    0,                    
                                    672,                    672,                    425,                    41.008,                    40,                    0.105,                    4,                    26000,                    19402,                    3919,                    0,                    0,                    
                                    673,                    673,                    425,                    41.008,                    40,                    0.105,                    4,                    26000,                    19402,                    3919,                    0,                    0,                    
                                    674,                    674,                    425,                    41.008,                    40,                    0.105,                    4,                    26000,                    19402,                    3919,                    0,                    0,                    
                                    675,                    675,                    425,                    41.008,                    40,                    0.105,                    4,                    26000,                    19402,                    3919,                    0,                    0,                    
                                    676,                    676,                    425,                    41.008,                    40,                    0.105,                    4,                    26000,                    19402,                    3919,                    0,                    0,                    
                                    677,                    677,                    425,                    41.008,                    40,                    0.105,                    4,                    26000,                    19402,                    3919,                    0,                    0,                    
                                    678,                    678,                    425,                    41.008,                    40,                    0.105,                    4,                    26000,                    19402,                    3919,                    0,                    0,                    
                                    679,                    679,                    425,                    41.008,                    40,                    0.105,                    4,                    26000,                    19402,                    3919,                    0,                    0,                    
                                    680,                    680,                    425,                    41.008,                    40,                    0.105,                    4,                    26000,                    19402,                    3919,                    0,                    0,                    
                                    681,                    681,                    425,                    41.008,                    40,                    0.105,                    4,                    26000,                    19402,                    3919,                    0,                    0,                    
                                    682,                    682,                    425,                    41.008,                    40,                    0.105,                    4,                    26000,                    19402,                    3919,                    0,                    0,                    
                                    683,                    683,                    425,                    41.008,                    40,                    0.105,                    4,                    26000,                    19402,                    3919,                    0,                    0,                    
                                    684,                    684,                    425,                    41.008,                    40,                    0.105,                    4,                    26000,                    19402,                    3919,                    0,                    0,                    
                                    685,                    685,                    425,                    41.008,                    40,                    0.105,                    4,                    26000,                    19402,                    3919,                    0,                    0,                    
                                    686,                    686,                    425,                    41.008,                    40,                    0.105,                    4,                    26000,                    19402,                    3919,                    0,                    0,                    
                                    687,                    687,                    425,                    41.008,                    40,                    0.105,                    4,                    26000,                    19402,                    3919,                    0,                    0,                    
                                    688,                    688,                    425,                    41.008,                    40,                    0.105,                    4,                    26000,                    19402,                    3919,                    0,                    0,                    
                                    689,                    689,                    425,                    41.008,                    40,                    0.105,                    4,                    26000,                    19402,                    3919,                    0,                    0,                    
                                    690,                    690,                    425,                    41.008,                    40,                    0.105,                    4,                    26000,                    19402,                    3919,                    0,                    0,                    
                                    691,                    691,                    425,                    41.008,                    40,                    0.105,                    4,                    26000,                    19402,                    3919,                    0,                    0,                    
                                    692,                    692,                    425,                    41.008,                    40,                    0.105,                    4,                    26000,                    19402,                    3919,                    0,                    0,                    
                                    693,                    693,                    425,                    41.008,                    40,                    0.105,                    4,                    26000,                    19402,                    3919,                    0,                    0,                    
                                    694,                    694,                    425,                    41.008,                    40,                    0.105,                    4,                    26000,                    19402,                    3919,                    0,                    0,                    
                                    695,                    695,                    425,                    41.008,                    40,                    0.105,                    4,                    26000,                    19402,                    3919,                    0,                    0,                    
                                    696,                    696,                    425,                    41.008,                    40,                    0.105,                    4,                    26000,                    19402,                    3919,                    0,                    0,                    
                                    697,                    697,                    425,                    41.008,                    40,                    0.105,                    4,                    26000,                    19402,                    3919,                    0,                    0,                    
                                    698,                    698,                    425,                    41.008,                    40,                    0.105,                    4,                    26000,                    19402,                    3919,                    0,                    0,                    
                                    699,                    699,                    425,                    41.008,                    40,                    0.105,                    4,                    26000,                    19402,                    3919,                    0,                    0,                    
                                    700,                    700,                    393,                    40.608,                    40,                    0.105,                    4,                    26000,                    19402,                    3919,                    0,                    0,                    
                                    701,                    701,                    393,                    40.608,                    40,                    0.105,                    4,                    26000,                    19402,                    3919,                    0,                    0,                    
                                    702,                    702,                    393,                    40.608,                    40,                    0.105,                    4,                    26000,                    19402,                    3919,                    0,                    0,                    
                                    703,                    703,                    393,                    40.608,                    40,                    0.105,                    4,                    26000,                    19402,                    3919,                    0,                    0,                    
                                    704,                    704,                    393,                    40.608,                    40,                    0.105,                    4,                    26000,                    19402,                    3919,                    0,                    0,                    
                                    705,                    705,                    393,                    40.608,                    40,                    0.105,                    4,                    26000,                    19402,                    3919,                    0,                    0,                    
                                    706,                    706,                    393,                    40.608,                    40,                    0.105,                    4,                    26000,                    19402,                    3919,                    0,                    0,                    
                                    707,                    707,                    393,                    40.608,                    40,                    0.105,                    4,                    26000,                    19402,                    3919,                    0,                    0,                    
                                    708,                    708,                    393,                    40.608,                    40,                    0.105,                    4,                    26000,                    19402,                    3919,                    0,                    0,                    
                                    709,                    709,                    393,                    40.608,                    40,                    0.105,                    4,                    26000,                    19402,                    3919,                    0,                    0,                    
                                    710,                    710,                    393,                    40.608,                    40,                    0.105,                    4,                    26000,                    19402,                    3919,                    0,                    0,                    
                                    711,                    711,                    393,                    40.608,                    40,                    0.105,                    4,                    26000,                    19402,                    3919,                    0,                    0,                    
                                    712,                    712,                    393,                    40.608,                    40,                    0.105,                    4,                    26000,                    19402,                    3919,                    0,                    0,                    
                                    713,                    713,                    393,                    40.608,                    40,                    0.105,                    4,                    26000,                    19402,                    3919,                    0,                    0,                    
                                    714,                    714,                    393,                    40.608,                    40,                    0.105,                    4,                    26000,                    19402,                    3919,                    0,                    0,                    
                                    715,                    715,                    393,                    40.608,                    40,                    0.105,                    4,                    26000,                    19402,                    3919,                    0,                    0,                    
                                    716,                    716,                    393,                    40.608,                    40,                    0.105,                    4,                    26000,                    19402,                    3919,                    0,                    0,                    
                                    717,                    717,                    393,                    40.608,                    40,                    0.105,                    4,                    26000,                    19402,                    3919,                    0,                    0,                    
                                    718,                    718,                    393,                    40.608,                    40,                    0.105,                    4,                    26000,                    19402,                    3919,                    0,                    0,                    
                                    719,                    719,                    393,                    40.608,                    40,                    0.105,                    4,                    26000,                    19402,                    3919,                    0,                    0,                    
                                    720,                    720,                    393,                    40.608,                    40,                    0.105,                    4,                    26000,                    19402,                    3919,                    0,                    0,                    
                                    721,                    721,                    393,                    40.608,                    40,                    0.105,                    4,                    26000,                    19402,                    3919,                    0,                    0,                    
                                    722,                    722,                    393,                    40.608,                    40,                    0.105,                    4,                    26000,                    19402,                    3919,                    0,                    0,                    
                                    723,                    723,                    393,                    40.608,                    40,                    0.105,                    4,                    26000,                    19402,                    3919,                    0,                    0,                    
                                    724,                    724,                    393,                    40.608,                    40,                    0.105,                    4,                    26000,                    19402,                    3919,                    0,                    0,                    
                                    725,                    725,                    393,                    40.608,                    40,                    0.105,                    4,                    26000,                    19402,                    3919,                    0,                    0,                    
                                    726,                    726,                    393,                    40.608,                    40,                    0.105,                    4,                    26000,                    19402,                    3919,                    0,                    0,                    
                                    727,                    727,                    393,                    40.608,                    40,                    0.105,                    4,                    26000,                    19402,                    3919,                    0,                    0,                    
                                    728,                    728,                    393,                    40.608,                    40,                    0.105,                    4,                    26000,                    19402,                    3919,                    0,                    0,                    
                                    729,                    729,                    393,                    40.608,                    40,                    0.105,                    4,                    26000,                    19402,                    3919,                    0,                    0,                    
                                    730,                    730,                    393,                    40.608,                    40,                    0.105,                    4,                    26000,                    19402,                    3919,                    0,                    0,                    
                                    731,                    731,                    274,                    36.279,                    43,                    0.105,                    4,                    26000,                    19402,                    3919,                    0,                    0,                    
                                    732,                    732,                    274,                    36.279,                    43,                    0.105,                    4,                    26000,                    19402,                    3919,                    0,                    0,                    
                                    733,                    733,                    274,                    36.279,                    43,                    0.105,                    4,                    26000,                    19402,                    3919,                    0,                    0,                    
                                    734,                    734,                    274,                    36.279,                    43,                    0.105,                    4,                    26000,                    19402,                    3919,                    0,                    0,                    
                                    735,                    735,                    274,                    36.279,                    43,                    0.105,                    4,                    26000,                    19402,                    3919,                    0,                    0,                    
                                    736,                    736,                    274,                    36.279,                    43,                    0.105,                    4,                    26000,                    19402,                    3919,                    0,                    0,                    
                                    737,                    737,                    274,                    36.279,                    43,                    0.105,                    4,                    26000,                    19402,                    3919,                    0,                    0,                    
                                    738,                    738,                    274,                    36.279,                    43,                    0.105,                    4,                    26000,                    19402,                    3919,                    0,                    0,                    
                                    739,                    739,                    274,                    36.279,                    43,                    0.105,                    4,                    26000,                    19402,                    3919,                    0,                    0,                    
                                    740,                    740,                    274,                    36.279,                    43,                    0.105,                    4,                    26000,                    19402,                    3919,                    0,                    0,                    
                                    741,                    741,                    274,                    36.279,                    43,                    0.105,                    4,                    26000,                    19402,                    3919,                    0,                    0,                    
                                    742,                    742,                    274,                    36.279,                    43,                    0.105,                    4,                    26000,                    19402,                    3919,                    0,                    0,                    
                                    743,                    743,                    274,                    36.279,                    43,                    0.105,                    4,                    26000,                    19402,                    3919,                    0,                    0,                    
                                    744,                    744,                    274,                    36.279,                    43,                    0.105,                    4,                    26000,                    19402,                    3919,                    0,                    0,                    
                                    745,                    745,                    274,                    36.279,                    43,                    0.105,                    4,                    26000,                    19402,                    3919,                    0,                    0,                    
                                    746,                    746,                    274,                    36.279,                    43,                    0.105,                    4,                    26000,                    19402,                    3919,                    0,                    0,                    
                                    747,                    747,                    274,                    36.279,                    43,                    0.105,                    4,                    26000,                    19402,                    3919,                    0,                    0,                    
                                    748,                    748,                    274,                    36.279,                    43,                    0.105,                    4,                    26000,                    19402,                    3919,                    0,                    0,                    
                                    749,                    749,                    274,                    36.279,                    43,                    0.105,                    4,                    26000,                    19402,                    3919,                    0,                    0,                    
                                    750,                    750,                    274,                    36.279,                    43,                    0.105,                    4,                    26000,                    19402,                    3919,                    0,                    0,                    
                                    751,                    751,                    274,                    36.279,                    43,                    0.105,                    4,                    26000,                    19402,                    3919,                    0,                    0,                    
                                    752,                    752,                    274,                    36.279,                    43,                    0.105,                    4,                    26000,                    19402,                    3919,                    0,                    0,                    
                                    753,                    753,                    274,                    36.279,                    43,                    0.105,                    4,                    26000,                    19402,                    3919,                    0,                    0,                    
                                    754,                    754,                    274,                    36.279,                    43,                    0.105,                    4,                    26000,                    19402,                    3919,                    0,                    0,                    
                                    755,                    755,                    274,                    36.279,                    43,                    0.105,                    4,                    26000,                    19402,                    3919,                    0,                    0,                    
                                    756,                    756,                    274,                    36.279,                    43,                    0.105,                    4,                    26000,                    19402,                    3919,                    0,                    0,                    
                                    757,                    757,                    274,                    36.279,                    43,                    0.105,                    4,                    26000,                    19402,                    3919,                    0,                    0,                    
                                    758,                    758,                    274,                    36.279,                    43,                    0.105,                    4,                    26000,                    19402,                    3919,                    0,                    0,                    
                                    759,                    759,                    274,                    36.279,                    43,                    0.105,                    4,                    26000,                    19402,                    3919,                    0,                    0,                    
                                    760,                    760,                    274,                    36.279,                    43,                    0.105,                    4,                    26000,                    19402,                    3919,                    0,                    0,                    
                                    761,                    761,                    274,                    36.279,                    43,                    0.105,                    4,                    26000,                    19402,                    3919,                    0,                    0,                    
                                    762,                    762,                    277,                    37.327,                    42,                    0.105,                    4,                    26000,                    19402,                    3919,                    0,                    0,                    
                                    763,                    763,                    277,                    37.327,                    42,                    0.105,                    4,                    26000,                    19402,                    3919,                    0,                    0,                    
                                    764,                    764,                    277,                    37.327,                    42,                    0.105,                    4,                    26000,                    19402,                    3919,                    0,                    0,                    
                                    765,                    765,                    277,                    37.327,                    42,                    0.105,                    4,                    26000,                    19402,                    3919,                    0,                    0,                    
                                    766,                    766,                    277,                    37.327,                    42,                    0.105,                    4,                    26000,                    19402,                    3919,                    0,                    0,                    
                                    767,                    767,                    277,                    37.327,                    42,                    0.105,                    4,                    26000,                    19402,                    3919,                    0,                    0,                    
                                    768,                    768,                    277,                    37.327,                    42,                    0.105,                    4,                    26000,                    19402,                    3919,                    0,                    0,                    
                                    769,                    769,                    277,                    37.327,                    42,                    0.105,                    4,                    26000,                    19402,                    3919,                    0,                    0,                    
                                    770,                    770,                    277,                    37.327,                    42,                    0.105,                    4,                    26000,                    19402,                    3919,                    0,                    0,                    
                                    771,                    771,                    277,                    37.327,                    42,                    0.105,                    4,                    26000,                    19402,                    3919,                    0,                    0,                    
                                    772,                    772,                    277,                    37.327,                    42,                    0.105,                    4,                    26000,                    19402,                    3919,                    0,                    0,                    
                                    773,                    773,                    277,                    37.327,                    42,                    0.105,                    4,                    26000,                    19402,                    3919,                    0,                    0,                    
                                    774,                    774,                    277,                    37.327,                    42,                    0.105,                    4,                    26000,                    19402,                    3919,                    0,                    0,                    
                                    775,                    775,                    277,                    37.327,                    42,                    0.105,                    4,                    26000,                    19402,                    3919,                    0,                    0,                    
                                    776,                    776,                    277,                    37.327,                    42,                    0.105,                    4,                    26000,                    19402,                    3919,                    0,                    0,                    
                                    777,                    777,                    277,                    37.327,                    42,                    0.105,                    4,                    26000,                    19402,                    3919,                    0,                    0,                    
                                    778,                    778,                    277,                    37.327,                    42,                    0.105,                    4,                    26000,                    19402,                    3919,                    0,                    0,                    
                                    779,                    779,                    277,                    37.327,                    42,                    0.105,                    4,                    26000,                    19402,                    3919,                    0,                    0,                    
                                    780,                    780,                    277,                    37.327,                    42,                    0.105,                    4,                    26000,                    19402,                    3919,                    0,                    0,                    
                                    781,                    781,                    277,                    37.327,                    42,                    0.105,                    4,                    26000,                    19402,                    3919,                    0,                    0,                    
                                    782,                    782,                    277,                    37.327,                    42,                    0.105,                    4,                    26000,                    19402,                    3919,                    0,                    0,                    
                                    783,                    783,                    277,                    37.327,                    42,                    0.105,                    4,                    26000,                    19402,                    3919,                    0,                    0,                    
                                    784,                    784,                    277,                    37.327,                    42,                    0.105,                    4,                    26000,                    19402,                    3919,                    0,                    0,                    
                                    785,                    785,                    277,                    37.327,                    42,                    0.105,                    4,                    26000,                    19402,                    3919,                    0,                    0,                    
                                    786,                    786,                    277,                    37.327,                    42,                    0.105,                    4,                    26000,                    19402,                    3919,                    0,                    0,                    
                                    787,                    787,                    277,                    37.327,                    42,                    0.105,                    4,                    26000,                    19402,                    3919,                    0,                    0,                    
                                    788,                    788,                    277,                    37.327,                    42,                    0.105,                    4,                    26000,                    19402,                    3919,                    0,                    0,                    
                                    789,                    789,                    277,                    37.327,                    42,                    0.105,                    4,                    26000,                    19402,                    3919,                    0,                    0,                    
                                    790,                    790,                    304,                    37.551,                    42,                    0.105,                    4,                    26000,                    19402,                    3919,                    0,                    0,                    
                                    791,                    791,                    304,                    37.551,                    42,                    0.105,                    4,                    26000,                    19402,                    3919,                    0,                    0,                    
                                    792,                    792,                    304,                    37.551,                    42,                    0.105,                    4,                    26000,                    19402,                    3919,                    0,                    0,                    
                                    793,                    793,                    304,                    37.551,                    42,                    0.105,                    4,                    26000,                    19402,                    3919,                    0,                    0,                    
                                    794,                    794,                    304,                    37.551,                    42,                    0.105,                    4,                    26000,                    19402,                    3919,                    0,                    0,                    
                                    795,                    795,                    304,                    37.551,                    42,                    0.105,                    4,                    26000,                    19402,                    3919,                    0,                    0,                    
                                    796,                    796,                    304,                    37.551,                    42,                    0.105,                    4,                    26000,                    19402,                    3919,                    0,                    0,                    
                                    797,                    797,                    304,                    37.551,                    42,                    0.105,                    4,                    26000,                    19402,                    3919,                    0,                    0,                    
                                    798,                    798,                    304,                    37.551,                    42,                    0.105,                    4,                    26000,                    19402,                    3919,                    0,                    0,                    
                                    799,                    799,                    304,                    37.551,                    42,                    0.105,                    4,                    26000,                    19402,                    3919,                    0,                    0,                    
                                    800,                    800,                    304,                    37.551,                    42,                    0.105,                    4,                    26000,                    19402,                    3919,                    0,                    0,                    
                                    801,                    801,                    304,                    37.551,                    42,                    0.105,                    4,                    26000,                    19402,                    3919,                    0,                    0,                    
                                    802,                    802,                    304,                    37.551,                    42,                    0.105,                    4,                    26000,                    19402,                    3919,                    0,                    0,                    
                                    803,                    803,                    304,                    37.551,                    42,                    0.105,                    4,                    26000,                    19402,                    3919,                    0,                    0,                    
                                    804,                    804,                    304,                    37.551,                    42,                    0.105,                    4,                    26000,                    19402,                    3919,                    0,                    0,                    
                                    805,                    805,                    304,                    37.551,                    42,                    0.105,                    4,                    26000,                    19402,                    3919,                    0,                    0,                    
                                    806,                    806,                    304,                    37.551,                    42,                    0.105,                    4,                    26000,                    19402,                    3919,                    0,                    0,                    
                                    807,                    807,                    304,                    37.551,                    42,                    0.105,                    4,                    26000,                    19402,                    3919,                    0,                    0,                    
                                    808,                    808,                    304,                    37.551,                    42,                    0.105,                    4,                    26000,                    19402,                    3919,                    0,                    0,                    
                                    809,                    809,                    304,                    37.551,                    42,                    0.105,                    4,                    26000,                    19402,                    3919,                    0,                    0,                    
                                    810,                    810,                    304,                    37.551,                    42,                    0.105,                    4,                    26000,                    19402,                    3919,                    0,                    0,                    
                                    811,                    811,                    304,                    37.551,                    42,                    0.105,                    4,                    26000,                    19402,                    3919,                    0,                    0,                    
                                    812,                    812,                    304,                    37.551,                    42,                    0.105,                    4,                    26000,                    19402,                    3919,                    0,                    0,                    
                                    813,                    813,                    304,                    37.551,                    42,                    0.105,                    4,                    26000,                    19402,                    3919,                    0,                    0,                    
                                    814,                    814,                    304,                    37.551,                    42,                    0.105,                    4,                    26000,                    19402,                    3919,                    0,                    0,                    
                                    815,                    815,                    304,                    37.551,                    42,                    0.105,                    4,                    26000,                    19402,                    3919,                    0,                    0,                    
                                    816,                    816,                    304,                    37.551,                    42,                    0.105,                    4,                    26000,                    19402,                    3919,                    0,                    0,                    
                                    817,                    817,                    304,                    37.551,                    42,                    0.105,                    4,                    26000,                    19402,                    3919,                    0,                    0,                    
                                    818,                    818,                    304,                    37.551,                    42,                    0.105,                    4,                    26000,                    19402,                    3919,                    0,                    0,                    
                                    819,                    819,                    304,                    37.551,                    42,                    0.105,                    4,                    26000,                    19402,                    3919,                    0,                    0,                    
                                    820,                    820,                    304,                    37.551,                    42,                    0.105,                    4,                    26000,                    19402,                    3919,                    0,                    0,                    
                                    821,                    821,                    305,                    37.971,                    42,                    0.105,                    4,                    26000,                    19402,                    3919,                    0,                    0,                    
                                    822,                    822,                    305,                    37.971,                    42,                    0.105,                    4,                    26000,                    19402,                    3919,                    0,                    0,                    
                                    823,                    823,                    305,                    37.971,                    42,                    0.105,                    4,                    26000,                    19402,                    3919,                    0,                    0,                    
                                    824,                    824,                    305,                    37.971,                    42,                    0.105,                    4,                    26000,                    19402,                    3919,                    0,                    0,                    
                                    825,                    825,                    305,                    37.971,                    42,                    0.105,                    4,                    26000,                    19402,                    3919,                    0,                    0,                    
                                    826,                    826,                    305,                    37.971,                    42,                    0.105,                    4,                    26000,                    19402,                    3919,                    0,                    0,                    
                                    827,                    827,                    305,                    37.971,                    42,                    0.105,                    4,                    26000,                    19402,                    3919,                    0,                    0,                    
                                    828,                    828,                    305,                    37.971,                    42,                    0.105,                    4,                    26000,                    19402,                    3919,                    0,                    0,                    
                                    829,                    829,                    305,                    37.971,                    42,                    0.105,                    4,                    26000,                    19402,                    3919,                    0,                    0,                    
                                    830,                    830,                    305,                    37.971,                    42,                    0.105,                    4,                    26000,                    19402,                    3919,                    0,                    0,                    
                                    831,                    831,                    305,                    37.971,                    42,                    0.105,                    4,                    26000,                    19402,                    3919,                    0,                    0,                    
                                    832,                    832,                    305,                    37.971,                    42,                    0.105,                    4,                    26000,                    19402,                    3919,                    0,                    0,                    
                                    833,                    833,                    305,                    37.971,                    42,                    0.105,                    4,                    26000,                    19402,                    3919,                    0,                    0,                    
                                    834,                    834,                    305,                    37.971,                    42,                    0.105,                    4,                    26000,                    19402,                    3919,                    0,                    0,                    
                                    835,                    835,                    305,                    37.971,                    42,                    0.105,                    4,                    26000,                    19402,                    3919,                    0,                    0,                    
                                    836,                    836,                    305,                    37.971,                    42,                    0.105,                    4,                    26000,                    19402,                    3919,                    0,                    0,                    
                                    837,                    837,                    305,                    37.971,                    42,                    0.105,                    4,                    26000,                    19402,                    3919,                    0,                    0,                    
                                    838,                    838,                    305,                    37.971,                    42,                    0.105,                    4,                    26000,                    19402,                    3919,                    0,                    0,                    
                                    839,                    839,                    305,                    37.971,                    42,                    0.105,                    4,                    26000,                    19402,                    3919,                    0,                    0,                    
                                    840,                    840,                    305,                    37.971,                    42,                    0.105,                    4,                    26000,                    19402,                    3919,                    0,                    0,                    
                                    841,                    841,                    305,                    37.971,                    42,                    0.105,                    4,                    26000,                    19402,                    3919,                    0,                    0,                    
                                    842,                    842,                    305,                    37.971,                    42,                    0.105,                    4,                    26000,                    19402,                    3919,                    0,                    0,                    
                                    843,                    843,                    305,                    37.971,                    42,                    0.105,                    4,                    26000,                    19402,                    3919,                    0,                    0,                    
                                    844,                    844,                    305,                    37.971,                    42,                    0.105,                    4,                    26000,                    19402,                    3919,                    0,                    0,                    
                                    845,                    845,                    305,                    37.971,                    42,                    0.105,                    4,                    26000,                    19402,                    3919,                    0,                    0,                    
                                    846,                    846,                    305,                    37.971,                    42,                    0.105,                    4,                    26000,                    19402,                    3919,                    0,                    0,                    
                                    847,                    847,                    305,                    37.971,                    42,                    0.105,                    4,                    26000,                    19402,                    3919,                    0,                    0,                    
                                    848,                    848,                    305,                    37.971,                    42,                    0.105,                    4,                    26000,                    19402,                    3919,                    0,                    0,                    
                                    849,                    849,                    305,                    37.971,                    42,                    0.105,                    4,                    26000,                    19402,                    3919,                    0,                    0,                    
                                    850,                    850,                    305,                    37.971,                    42,                    0.105,                    4,                    26000,                    19402,                    3919,                    0,                    0,                    
                                    851,                    851,                    379,                    39.156,                    42,                    0.105,                    4,                    26000,                    19402,                    3919,                    0,                    0,                    
                                    852,                    852,                    379,                    39.156,                    42,                    0.105,                    4,                    26000,                    19402,                    3919,                    0,                    0,                    
                                    853,                    853,                    379,                    39.156,                    42,                    0.105,                    4,                    26000,                    19402,                    3919,                    0,                    0,                    
                                    854,                    854,                    379,                    39.156,                    42,                    0.105,                    4,                    26000,                    19402,                    3919,                    0,                    0,                    
                                    855,                    855,                    379,                    39.156,                    42,                    0.105,                    4,                    26000,                    19402,                    3919,                    0,                    0,                    
                                    856,                    856,                    379,                    39.156,                    42,                    0.105,                    4,                    26000,                    19402,                    3919,                    0,                    0,                    
                                    857,                    857,                    379,                    39.156,                    42,                    0.105,                    4,                    26000,                    19402,                    3919,                    0,                    0,                    
                                    858,                    858,                    379,                    39.156,                    42,                    0.105,                    4,                    26000,                    19402,                    3919,                    0,                    0,                    
                                    859,                    859,                    379,                    39.156,                    42,                    0.105,                    4,                    26000,                    19402,                    3919,                    0,                    0,                    
                                    860,                    860,                    379,                    39.156,                    42,                    0.105,                    4,                    26000,                    19402,                    3919,                    0,                    0,                    
                                    861,                    861,                    379,                    39.156,                    42,                    0.105,                    4,                    26000,                    19402,                    3919,                    0,                    0,                    
                                    862,                    862,                    379,                    39.156,                    42,                    0.105,                    4,                    26000,                    19402,                    3919,                    0,                    0,                    
                                    863,                    863,                    379,                    39.156,                    42,                    0.105,                    4,                    26000,                    19402,                    3919,                    0,                    0,                    
                                    864,                    864,                    379,                    39.156,                    42,                    0.105,                    4,                    26000,                    19402,                    3919,                    0,                    0,                    
                                    865,                    865,                    379,                    39.156,                    42,                    0.105,                    4,                    26000,                    19402,                    3919,                    0,                    0,                    
                                    866,                    866,                    379,                    39.156,                    42,                    0.105,                    4,                    26000,                    19402,                    3919,                    0,                    0,                    
                                    867,                    867,                    379,                    39.156,                    42,                    0.105,                    4,                    26000,                    19402,                    3919,                    0,                    0,                    
                                    868,                    868,                    379,                    39.156,                    42,                    0.105,                    4,                    26000,                    19402,                    3919,                    0,                    0,                    
                                    869,                    869,                    379,                    39.156,                    42,                    0.105,                    4,                    26000,                    19402,                    3919,                    0,                    0,                    
                                    870,                    870,                    379,                    39.156,                    42,                    0.105,                    4,                    26000,                    19402,                    3919,                    0,                    0,                    
                                    871,                    871,                    379,                    39.156,                    42,                    0.105,                    4,                    26000,                    19402,                    3919,                    0,                    0,                    
                                    872,                    872,                    379,                    39.156,                    42,                    0.105,                    4,                    26000,                    19402,                    3919,                    0,                    0,                    
                                    873,                    873,                    379,                    39.156,                    42,                    0.105,                    4,                    26000,                    19402,                    3919,                    0,                    0,                    
                                    874,                    874,                    379,                    39.156,                    42,                    0.105,                    4,                    26000,                    19402,                    3919,                    0,                    0,                    
                                    875,                    875,                    379,                    39.156,                    42,                    0.105,                    4,                    26000,                    19402,                    3919,                    0,                    0,                    
                                    876,                    876,                    379,                    39.156,                    42,                    0.105,                    4,                    26000,                    19402,                    3919,                    0,                    0,                    
                                    877,                    877,                    379,                    39.156,                    42,                    0.105,                    4,                    26000,                    19402,                    3919,                    0,                    0,                    
                                    878,                    878,                    379,                    39.156,                    42,                    0.105,                    4,                    26000,                    19402,                    3919,                    0,                    0,                    
                                    879,                    879,                    379,                    39.156,                    42,                    0.105,                    4,                    26000,                    19402,                    3919,                    0,                    0,                    
                                    880,                    880,                    379,                    39.156,                    42,                    0.105,                    4,                    26000,                    19402,                    3919,                    0,                    0,                    
                                    881,                    881,                    379,                    39.156,                    42,                    0.105,                    4,                    26000,                    19402,                    3919,                    0,                    0,                    
                                    882,                    882,                    410,                    39.72,                    41,                    0.105,                    4,                    26000,                    19402,                    3919,                    0,                    0,                    
                                    883,                    883,                    410,                    39.72,                    41,                    0.105,                    4,                    26000,                    19402,                    3919,                    0,                    0,                    
                                    884,                    884,                    410,                    39.72,                    41,                    0.105,                    4,                    26000,                    19402,                    3919,                    0,                    0,                    
                                    885,                    885,                    410,                    39.72,                    41,                    0.105,                    4,                    26000,                    19402,                    3919,                    0,                    0,                    
                                    886,                    886,                    410,                    39.72,                    41,                    0.105,                    4,                    26000,                    19402,                    3919,                    0,                    0,                    
                                    887,                    887,                    410,                    39.72,                    41,                    0.105,                    4,                    26000,                    19402,                    3919,                    0,                    0,                    
                                    888,                    888,                    410,                    39.72,                    41,                    0.105,                    4,                    26000,                    19402,                    3919,                    0,                    0,                    
                                    889,                    889,                    410,                    39.72,                    41,                    0.105,                    4,                    26000,                    19402,                    3919,                    0,                    0,                    
                                    890,                    890,                    410,                    39.72,                    41,                    0.105,                    4,                    26000,                    19402,                    3919,                    0,                    0,                    
                                    891,                    891,                    410,                    39.72,                    41,                    0.105,                    4,                    26000,                    19402,                    3919,                    0,                    0,                    
                                    892,                    892,                    410,                    39.72,                    41,                    0.105,                    4,                    26000,                    19402,                    3919,                    0,                    0,                    
                                    893,                    893,                    410,                    39.72,                    41,                    0.105,                    4,                    26000,                    19402,                    3919,                    0,                    0,                    
                                    894,                    894,                    410,                    39.72,                    41,                    0.105,                    4,                    26000,                    19402,                    3919,                    0,                    0,                    
                                    895,                    895,                    410,                    39.72,                    41,                    0.105,                    4,                    26000,                    19402,                    3919,                    0,                    0,                    
                                    896,                    896,                    410,                    39.72,                    41,                    0.105,                    4,                    26000,                    19402,                    3919,                    0,                    0,                    
                                    897,                    897,                    410,                    39.72,                    41,                    0.105,                    4,                    26000,                    19402,                    3919,                    0,                    0,                    
                                    898,                    898,                    410,                    39.72,                    41,                    0.105,                    4,                    26000,                    19402,                    3919,                    0,                    0,                    
                                    899,                    899,                    410,                    39.72,                    41,                    0.105,                    4,                    26000,                    19402,                    3919,                    0,                    0,                    
                                    900,                    900,                    410,                    39.72,                    41,                    0.105,                    4,                    26000,                    19402,                    3919,                    0,                    0,                    
                                    901,                    901,                    410,                    39.72,                    41,                    0.105,                    4,                    26000,                    19402,                    3919,                    0,                    0,                    
                                    902,                    902,                    410,                    39.72,                    41,                    0.105,                    4,                    26000,                    19402,                    3919,                    0,                    0,                    
                                    903,                    903,                    410,                    39.72,                    41,                    0.105,                    4,                    26000,                    19402,                    3919,                    0,                    0,                    
                                    904,                    904,                    410,                    39.72,                    41,                    0.105,                    4,                    26000,                    19402,                    3919,                    0,                    0,                    
                                    905,                    905,                    410,                    39.72,                    41,                    0.105,                    4,                    26000,                    19402,                    3919,                    0,                    0,                    
                                    906,                    906,                    410,                    39.72,                    41,                    0.105,                    4,                    26000,                    19402,                    3919,                    0,                    0,                    
                                    907,                    907,                    410,                    39.72,                    41,                    0.105,                    4,                    26000,                    19402,                    3919,                    0,                    0,                    
                                    908,                    908,                    410,                    39.72,                    41,                    0.105,                    4,                    26000,                    19402,                    3919,                    0,                    0,                    
                                    909,                    909,                    410,                    39.72,                    41,                    0.105,                    4,                    26000,                    19402,                    3919,                    0,                    0,                    
                                    910,                    910,                    410,                    39.72,                    41,                    0.105,                    4,                    26000,                    19402,                    3919,                    0,                    0,                    
                                    911,                    911,                    410,                    39.72,                    41,                    0.105,                    4,                    26000,                    19402,                    3919,                    0,                    0,                    
                                    912,                    912,                    648,                    41.162,                    41,                    0.105,                    4,                    26000,                    19402,                    3919,                    0,                    0,                    
                                    913,                    913,                    648,                    41.162,                    41,                    0.105,                    4,                    26000,                    19402,                    3919,                    0,                    0,                    
                                    914,                    914,                    648,                    41.162,                    41,                    0.105,                    4,                    26000,                    19402,                    3919,                    0,                    0,                    
                                    915,                    915,                    648,                    41.162,                    41,                    0.105,                    4,                    26000,                    19402,                    3919,                    0,                    0,                    
                                    916,                    916,                    648,                    41.162,                    41,                    0.105,                    4,                    26000,                    19402,                    3919,                    0,                    0,                    
                                    917,                    917,                    648,                    41.162,                    41,                    0.105,                    4,                    26000,                    19402,                    3919,                    0,                    0,                    
                                    918,                    918,                    648,                    41.162,                    41,                    0.105,                    4,                    26000,                    19402,                    3919,                    0,                    0,                    
                                    919,                    919,                    648,                    41.162,                    41,                    0.105,                    4,                    26000,                    19402,                    3919,                    0,                    0,                    
                                    920,                    920,                    648,                    41.162,                    41,                    0.105,                    4,                    26000,                    19402,                    3919,                    0,                    0,                    
                                    921,                    921,                    648,                    41.162,                    41,                    0.105,                    4,                    26000,                    19402,                    3919,                    0,                    0,                    
                                    922,                    922,                    648,                    41.162,                    41,                    0.105,                    4,                    26000,                    19402,                    3919,                    0,                    0,                    
                                    923,                    923,                    648,                    41.162,                    41,                    0.105,                    4,                    26000,                    19402,                    3919,                    0,                    0,                    
                                    924,                    924,                    648,                    41.162,                    41,                    0.105,                    4,                    26000,                    19402,                    3919,                    0,                    0,                    
                                    925,                    925,                    648,                    41.162,                    41,                    0.105,                    4,                    26000,                    19402,                    3919,                    0,                    0,                    
                                    926,                    926,                    648,                    41.162,                    41,                    0.105,                    4,                    26000,                    19402,                    3919,                    0,                    0,                    
                                    927,                    927,                    648,                    41.162,                    41,                    0.105,                    4,                    26000,                    19402,                    3919,                    0,                    0,                    
                                    928,                    928,                    648,                    41.162,                    41,                    0.105,                    4,                    26000,                    19402,                    3919,                    0,                    0,                    
                                    929,                    929,                    648,                    41.162,                    41,                    0.105,                    4,                    26000,                    19402,                    3919,                    0,                    0,                    
                                    930,                    930,                    648,                    41.162,                    41,                    0.105,                    4,                    26000,                    19402,                    3919,                    0,                    0,                    
                                    931,                    931,                    648,                    41.162,                    41,                    0.105,                    4,                    26000,                    19402,                    3919,                    0,                    0,                    
                                    932,                    932,                    648,                    41.162,                    41,                    0.105,                    4,                    26000,                    19402,                    3919,                    0,                    0,                    
                                    933,                    933,                    648,                    41.162,                    41,                    0.105,                    4,                    26000,                    19402,                    3919,                    0,                    0,                    
                                    934,                    934,                    648,                    41.162,                    41,                    0.105,                    4,                    26000,                    19402,                    3919,                    0,                    0,                    
                                    935,                    935,                    648,                    41.162,                    41,                    0.105,                    4,                    26000,                    19402,                    3919,                    0,                    0,                    
                                    936,                    936,                    648,                    41.162,                    41,                    0.105,                    4,                    26000,                    19402,                    3919,                    0,                    0,                    
                                    937,                    937,                    648,                    41.162,                    41,                    0.105,                    4,                    26000,                    19402,                    3919,                    0,                    0,                    
                                    938,                    938,                    648,                    41.162,                    41,                    0.105,                    4,                    26000,                    19402,                    3919,                    0,                    0,                    
                                    939,                    939,                    648,                    41.162,                    41,                    0.105,                    4,                    26000,                    19402,                    3919,                    0,                    0,                    
                                    940,                    940,                    648,                    41.162,                    41,                    0.105,                    4,                    26000,                    19402,                    3919,                    0,                    0,                    
                                    941,                    941,                    648,                    41.162,                    41,                    0.105,                    4,                    26000,                    19402,                    3919,                    0,                    0,                    
                                    942,                    942,                    648,                    41.162,                    41,                    0.105,                    4,                    26000,                    19402,                    3919,                    0,                    0,                    
                                    943,                    943,                    574,                    40.42,                    40,                    0.105,                    4,                    26000,                    19402,                    3919,                    0,                    0,                    
                                    944,                    944,                    574,                    40.42,                    40,                    0.105,                    4,                    26000,                    19402,                    3919,                    0,                    0,                    
                                    945,                    945,                    574,                    40.42,                    40,                    0.105,                    4,                    26000,                    19402,                    3919,                    0,                    0,                    
                                    946,                    946,                    574,                    40.42,                    40,                    0.105,                    4,                    26000,                    19402,                    3919,                    0,                    0,                    
                                    947,                    947,                    574,                    40.42,                    40,                    0.105,                    4,                    26000,                    19402,                    3919,                    0,                    0,                    
                                    948,                    948,                    574,                    40.42,                    40,                    0.105,                    4,                    26000,                    19402,                    3919,                    0,                    0,                    
                                    949,                    949,                    574,                    40.42,                    40,                    0.105,                    4,                    26000,                    19402,                    3919,                    0,                    0,                    
                                    950,                    950,                    574,                    40.42,                    40,                    0.105,                    4,                    26000,                    19402,                    3919,                    0,                    0,                    
                                    951,                    951,                    574,                    40.42,                    40,                    0.105,                    4,                    26000,                    19402,                    3919,                    0,                    0,                    
                                    952,                    952,                    574,                    40.42,                    40,                    0.105,                    4,                    26000,                    19402,                    3919,                    0,                    0,                    
                                    953,                    953,                    574,                    40.42,                    40,                    0.105,                    4,                    26000,                    19402,                    3919,                    0,                    0,                    
                                    954,                    954,                    574,                    40.42,                    40,                    0.105,                    4,                    26000,                    19402,                    3919,                    0,                    0,                    
                                    955,                    955,                    574,                    40.42,                    40,                    0.105,                    4,                    26000,                    19402,                    3919,                    0,                    0,                    
                                    956,                    956,                    574,                    40.42,                    40,                    0.105,                    4,                    26000,                    19402,                    3919,                    0,                    0,                    
                                    957,                    957,                    574,                    40.42,                    40,                    0.105,                    4,                    26000,                    19402,                    3919,                    0,                    0,                    
                                    958,                    958,                    574,                    40.42,                    40,                    0.105,                    4,                    26000,                    19402,                    3919,                    0,                    0,                    
                                    959,                    959,                    574,                    40.42,                    40,                    0.105,                    4,                    26000,                    19402,                    3919,                    0,                    0,                    
                                    960,                    960,                    574,                    40.42,                    40,                    0.105,                    4,                    26000,                    19402,                    3919,                    0,                    0,                    
                                    961,                    961,                    574,                    40.42,                    40,                    0.105,                    4,                    26000,                    19402,                    3919,                    0,                    0,                    
                                    962,                    962,                    574,                    40.42,                    40,                    0.105,                    4,                    26000,                    19402,                    3919,                    0,                    0,                    
                                    963,                    963,                    574,                    40.42,                    40,                    0.105,                    4,                    26000,                    19402,                    3919,                    0,                    0,                    
                                    964,                    964,                    574,                    40.42,                    40,                    0.105,                    4,                    26000,                    19402,                    3919,                    0,                    0,                    
                                    965,                    965,                    574,                    40.42,                    40,                    0.105,                    4,                    26000,                    19402,                    3919,                    0,                    0,                    
                                    966,                    966,                    574,                    40.42,                    40,                    0.105,                    4,                    26000,                    19402,                    3919,                    0,                    0,                    
                                    967,                    967,                    574,                    40.42,                    40,                    0.105,                    4,                    26000,                    19402,                    3919,                    0,                    0,                    
                                    968,                    968,                    574,                    40.42,                    40,                    0.105,                    4,                    26000,                    19402,                    3919,                    0,                    0,                    
                                    969,                    969,                    574,                    40.42,                    40,                    0.105,                    4,                    26000,                    19402,                    3919,                    0,                    0,                    
                                    970,                    970,                    574,                    40.42,                    40,                    0.105,                    4,                    26000,                    19402,                    3919,                    0,                    0,                    
                                    971,                    971,                    574,                    40.42,                    40,                    0.105,                    4,                    26000,                    19402,                    3919,                    0,                    0,                    
                                    972,                    972,                    574,                    40.42,                    40,                    0.105,                    4,                    26000,                    19402,                    3919,                    0,                    0,                    
                                    973,                    973,                    574,                    40.42,                    40,                    0.105,                    4,                    26000,                    19402,                    3919,                    0,                    0,                    
                                    974,                    974,                    541,                    39.774,                    41,                    0.105,                    4,                    26000,                    19402,                    3919,                    0,                    0,                    
                                    975,                    975,                    541,                    39.774,                    41,                    0.105,                    4,                    26000,                    19402,                    3919,                    0,                    0,                    
                                    976,                    976,                    541,                    39.774,                    41,                    0.105,                    4,                    26000,                    19402,                    3919,                    0,                    0,                    
                                    977,                    977,                    541,                    39.774,                    41,                    0.105,                    4,                    26000,                    19402,                    3919,                    0,                    0,                    
                                    978,                    978,                    541,                    39.774,                    41,                    0.105,                    4,                    26000,                    19402,                    3919,                    0,                    0,                    
                                    979,                    979,                    541,                    39.774,                    41,                    0.105,                    4,                    26000,                    19402,                    3919,                    0,                    0,                    
                                    980,                    980,                    541,                    39.774,                    41,                    0.105,                    4,                    26000,                    19402,                    3919,                    0,                    0,                    
                                    981,                    981,                    541,                    39.774,                    41,                    0.105,                    4,                    26000,                    19402,                    3919,                    0,                    0,                    
                                    982,                    982,                    541,                    39.774,                    41,                    0.105,                    4,                    26000,                    19402,                    3919,                    0,                    0,                    
                                    983,                    983,                    541,                    39.774,                    41,                    0.105,                    4,                    26000,                    19402,                    3919,                    0,                    0,                    
                                    984,                    984,                    541,                    39.774,                    41,                    0.105,                    4,                    26000,                    19402,                    3919,                    0,                    0,                    
                                    985,                    985,                    541,                    39.774,                    41,                    0.105,                    4,                    26000,                    19402,                    3919,                    0,                    0,                    
                                    986,                    986,                    541,                    39.774,                    41,                    0.105,                    4,                    26000,                    19402,                    3919,                    0,                    0,                    
                                    987,                    987,                    541,                    39.774,                    41,                    0.105,                    4,                    26000,                    19402,                    3919,                    0,                    0,                    
                                    988,                    988,                    541,                    39.774,                    41,                    0.105,                    4,                    26000,                    19402,                    3919,                    0,                    0,                    
                                    989,                    989,                    541,                    39.774,                    41,                    0.105,                    4,                    26000,                    19402,                    3919,                    0,                    0,                    
                                    990,                    990,                    541,                    39.774,                    41,                    0.105,                    4,                    26000,                    19402,                    3919,                    0,                    0,                    
                                    991,                    991,                    541,                    39.774,                    41,                    0.105,                    4,                    26000,                    19402,                    3919,                    0,                    0,                    
                                    992,                    992,                    541,                    39.774,                    41,                    0.105,                    4,                    26000,                    19402,                    3919,                    0,                    0,                    
                                    993,                    993,                    541,                    39.774,                    41,                    0.105,                    4,                    26000,                    19402,                    3919,                    0,                    0,                    
                                    994,                    994,                    541,                    39.774,                    41,                    0.105,                    4,                    26000,                    19402,                    3919,                    0,                    0,                    
                                    995,                    995,                    541,                    39.774,                    41,                    0.105,                    4,                    26000,                    19402,                    3919,                    0,                    0,                    
                                    996,                    996,                    541,                    39.774,                    41,                    0.105,                    4,                    26000,                    19402,                    3919,                    0,                    0,                    
                                    997,                    997,                    541,                    39.774,                    41,                    0.105,                    4,                    26000,                    19402,                    3919,                    0,                    0,                    
                                    998,                    998,                    541,                    39.774,                    41,                    0.105,                    4,                    26000,                    19402,                    3919,                    0,                    0,                    
                                    999,                    999,                    541,                    39.774,                    41,                    0.105,                    4,                    26000,                    19402,                    3919,                    0,                    0,                    
                                    1000,                    1000,                    541,                    39.774,                    41,                    0.105,                    4,                    26000,                    19402,                    3919,                    0,                    0,                    
                                    1001,                    1001,                    541,                    39.774,                    41,                    0.105,                    4,                    26000,                    19402,                    3919,                    0,                    0,                    
                                    1002,                    1002,                    541,                    39.774,                    41,                    0.105,                    4,                    26000,                    19402,                    3919,                    0,                    0,                    
                                    1003,                    1003,                    541,                    39.774,                    41,                    0.105,                    4,                    26000,                    19402,                    3919,                    0,                    0,                    
                                    1004,                    1004,                    579,                    39.5,                    41,                    0.105,                    4,                    26000,                    19402,                    3919,                    0,                    0,                    
                                    1005,                    1005,                    579,                    39.5,                    41,                    0.105,                    4,                    26000,                    19402,                    3919,                    0,                    0,                    
                                    1006,                    1006,                    579,                    39.5,                    41,                    0.105,                    4,                    26000,                    19402,                    3919,                    0,                    0,                    
                                    1007,                    1007,                    579,                    39.5,                    41,                    0.105,                    4,                    26000,                    19402,                    3919,                    0,                    0,                    
                                    1008,                    1008,                    579,                    39.5,                    41,                    0.105,                    4,                    26000,                    19402,                    3919,                    0,                    0,                    
                                    1009,                    1009,                    579,                    39.5,                    41,                    0.105,                    4,                    26000,                    19402,                    3919,                    0,                    0,                    
                                    1010,                    1010,                    579,                    39.5,                    41,                    0.105,                    4,                    26000,                    19402,                    3919,                    0,                    0,                    
                                    1011,                    1011,                    579,                    39.5,                    41,                    0.105,                    4,                    26000,                    19402,                    3919,                    0,                    0,                    
                                    1012,                    1012,                    579,                    39.5,                    41,                    0.105,                    4,                    26000,                    19402,                    3919,                    0,                    0,                    
                                    1013,                    1013,                    579,                    39.5,                    41,                    0.105,                    4,                    26000,                    19402,                    3919,                    0,                    0,                    
                                    1014,                    1014,                    579,                    39.5,                    41,                    0.105,                    4,                    26000,                    19402,                    3919,                    0,                    0,                    
                                    1015,                    1015,                    579,                    39.5,                    41,                    0.105,                    4,                    26000,                    19402,                    3919,                    0,                    0,                    
                                    1016,                    1016,                    579,                    39.5,                    41,                    0.105,                    4,                    26000,                    19402,                    3919,                    0,                    0,                    
                                    1017,                    1017,                    579,                    39.5,                    41,                    0.105,                    4,                    26000,                    19402,                    3919,                    0,                    0,                    
                                    1018,                    1018,                    579,                    39.5,                    41,                    0.105,                    4,                    26000,                    19402,                    3919,                    0,                    0,                    
                                    1019,                    1019,                    579,                    39.5,                    41,                    0.105,                    4,                    26000,                    19402,                    3919,                    0,                    0,                    
                                    1020,                    1020,                    579,                    39.5,                    41,                    0.105,                    4,                    26000,                    19402,                    3919,                    0,                    0,                    
                                    1021,                    1021,                    579,                    39.5,                    41,                    0.105,                    4,                    26000,                    19402,                    3919,                    0,                    0,                    
                                    1022,                    1022,                    579,                    39.5,                    41,                    0.105,                    4,                    26000,                    19402,                    3919,                    0,                    0,                    
                                    1023,                    1023,                    579,                    39.5,                    41,                    0.105,                    4,                    26000,                    19402,                    3919,                    0,                    0,                    
                                    1024,                    1024,                    579,                    39.5,                    41,                    0.105,                    4,                    26000,                    19402,                    3919,                    0,                    0,                    
                                    1025,                    1025,                    579,                    39.5,                    41,                    0.105,                    4,                    26000,                    19402,                    3919,                    0,                    0,                    
                                    1026,                    1026,                    579,                    39.5,                    41,                    0.105,                    4,                    26000,                    19402,                    3919,                    0,                    0,                    
                                    1027,                    1027,                    579,                    39.5,                    41,                    0.105,                    4,                    26000,                    19402,                    3919,                    0,                    0,                    
                                    1028,                    1028,                    579,                    39.5,                    41,                    0.105,                    4,                    26000,                    19402,                    3919,                    0,                    0,                    
                                    1029,                    1029,                    579,                    39.5,                    41,                    0.105,                    4,                    26000,                    19402,                    3919,                    0,                    0,                    
                                    1030,                    1030,                    579,                    39.5,                    41,                    0.105,                    4,                    26000,                    19402,                    3919,                    0,                    0,                    
                                    1031,                    1031,                    579,                    39.5,                    41,                    0.105,                    4,                    26000,                    19402,                    3919,                    0,                    0,                    
                                    1032,                    1032,                    579,                    39.5,                    41,                    0.105,                    4,                    26000,                    19402,                    3919,                    0,                    0,                    
                                    1033,                    1033,                    579,                    39.5,                    41,                    0.105,                    4,                    26000,                    19402,                    3919,                    0,                    0,                    
                                    1034,                    1034,                    579,                    39.5,                    41,                    0.105,                    4,                    26000,                    19402,                    3919,                    0,                    0,                    
                                    1035,                    1035,                    485,                    38.441,                    41,                    0.105,                    4,                    26000,                    19402,                    3919,                    0,                    0,                    
                                    1036,                    1036,                    485,                    38.441,                    41,                    0.105,                    4,                    26000,                    19402,                    3919,                    0,                    0,                    
                                    1037,                    1037,                    485,                    38.441,                    41,                    0.105,                    4,                    26000,                    19402,                    3919,                    0,                    0,                    
                                    1038,                    1038,                    485,                    38.441,                    41,                    0.105,                    4,                    26000,                    19402,                    3919,                    0,                    0,                    
                                    1039,                    1039,                    485,                    38.441,                    41,                    0.105,                    4,                    26000,                    19402,                    3919,                    0,                    0,                    
                                    1040,                    1040,                    485,                    38.441,                    41,                    0.105,                    4,                    26000,                    19402,                    3919,                    0,                    0,                    
                                    1041,                    1041,                    485,                    38.441,                    41,                    0.105,                    4,                    26000,                    19402,                    3919,                    0,                    0,                    
                                    1042,                    1042,                    485,                    38.441,                    41,                    0.105,                    4,                    26000,                    19402,                    3919,                    0,                    0,                    
                                    1043,                    1043,                    485,                    38.441,                    41,                    0.105,                    4,                    26000,                    19402,                    3919,                    0,                    0,                    
                                    1044,                    1044,                    485,                    38.441,                    41,                    0.105,                    4,                    26000,                    19402,                    3919,                    0,                    0,                    
                                    1045,                    1045,                    485,                    38.441,                    41,                    0.105,                    4,                    26000,                    19402,                    3919,                    0,                    0,                    
                                    1046,                    1046,                    485,                    38.441,                    41,                    0.105,                    4,                    26000,                    19402,                    3919,                    0,                    0,                    
                                    1047,                    1047,                    485,                    38.441,                    41,                    0.105,                    4,                    26000,                    19402,                    3919,                    0,                    0,                    
                                    1048,                    1048,                    485,                    38.441,                    41,                    0.105,                    4,                    26000,                    19402,                    3919,                    0,                    0,                    
                                    1049,                    1049,                    485,                    38.441,                    41,                    0.105,                    4,                    26000,                    19402,                    3919,                    0,                    0,                    
                                    1050,                    1050,                    485,                    38.441,                    41,                    0.105,                    4,                    26000,                    19402,                    3919,                    0,                    0,                    
                                    1051,                    1051,                    485,                    38.441,                    41,                    0.105,                    4,                    26000,                    19402,                    3919,                    0,                    0,                    
                                    1052,                    1052,                    485,                    38.441,                    41,                    0.105,                    4,                    26000,                    19402,                    3919,                    0,                    0,                    
                                    1053,                    1053,                    485,                    38.441,                    41,                    0.105,                    4,                    26000,                    19402,                    3919,                    0,                    0,                    
                                    1054,                    1054,                    485,                    38.441,                    41,                    0.105,                    4,                    26000,                    19402,                    3919,                    0,                    0,                    
                                    1055,                    1055,                    485,                    38.441,                    41,                    0.105,                    4,                    26000,                    19402,                    3919,                    0,                    0,                    
                                    1056,                    1056,                    485,                    38.441,                    41,                    0.105,                    4,                    26000,                    19402,                    3919,                    0,                    0,                    
                                    1057,                    1057,                    485,                    38.441,                    41,                    0.105,                    4,                    26000,                    19402,                    3919,                    0,                    0,                    
                                    1058,                    1058,                    485,                    38.441,                    41,                    0.105,                    4,                    26000,                    19402,                    3919,                    0,                    0,                    
                                    1059,                    1059,                    485,                    38.441,                    41,                    0.105,                    4,                    26000,                    19402,                    3919,                    0,                    0,                    
                                    1060,                    1060,                    485,                    38.441,                    41,                    0.105,                    4,                    26000,                    19402,                    3919,                    0,                    0,                    
                                    1061,                    1061,                    485,                    38.441,                    41,                    0.105,                    4,                    26000,                    19402,                    3919,                    0,                    0,                    
                                    1062,                    1062,                    485,                    38.441,                    41,                    0.105,                    4,                    26000,                    19402,                    3919,                    0,                    0,                    
                                    1063,                    1063,                    485,                    38.441,                    41,                    0.105,                    4,                    26000,                    19402,                    3919,                    0,                    0,                    
                                    1064,                    1064,                    485,                    38.441,                    41,                    0.105,                    4,                    26000,                    19402,                    3919,                    0,                    0,                    
                                    1065,                    1065,                    449,                    37.502,                    41,                    0.105,                    4,                    26000,                    19402,                    3919,                    0,                    0,                    
                                    1066,                    1066,                    449,                    37.502,                    41,                    0.105,                    4,                    26000,                    19402,                    3919,                    0,                    0,                    
                                    1067,                    1067,                    449,                    37.502,                    41,                    0.105,                    4,                    26000,                    19402,                    3919,                    0,                    0,                    
                                    1068,                    1068,                    449,                    37.502,                    41,                    0.105,                    4,                    26000,                    19402,                    3919,                    0,                    0,                    
                                    1069,                    1069,                    449,                    37.502,                    41,                    0.105,                    4,                    26000,                    19402,                    3919,                    0,                    0,                    
                                    1070,                    1070,                    449,                    37.502,                    41,                    0.105,                    4,                    26000,                    19402,                    3919,                    0,                    0,                    
                                    1071,                    1071,                    449,                    37.502,                    41,                    0.105,                    4,                    26000,                    19402,                    3919,                    0,                    0,                    
                                    1072,                    1072,                    449,                    37.502,                    41,                    0.105,                    4,                    26000,                    19402,                    3919,                    0,                    0,                    
                                    1073,                    1073,                    449,                    37.502,                    41,                    0.105,                    4,                    26000,                    19402,                    3919,                    0,                    0,                    
                                    1074,                    1074,                    449,                    37.502,                    41,                    0.105,                    4,                    26000,                    19402,                    3919,                    0,                    0,                    
                                    1075,                    1075,                    449,                    37.502,                    41,                    0.105,                    4,                    26000,                    19402,                    3919,                    0,                    0,                    
                                    1076,                    1076,                    449,                    37.502,                    41,                    0.105,                    4,                    26000,                    19402,                    3919,                    0,                    0,                    
                                    1077,                    1077,                    449,                    37.502,                    41,                    0.105,                    4,                    26000,                    19402,                    3919,                    0,                    0,                    
                                    1078,                    1078,                    449,                    37.502,                    41,                    0.105,                    4,                    26000,                    19402,                    3919,                    0,                    0,                    
                                    1079,                    1079,                    449,                    37.502,                    41,                    0.105,                    4,                    26000,                    19402,                    3919,                    0,                    0,                    
                                    1080,                    1080,                    449,                    37.502,                    41,                    0.105,                    4,                    26000,                    19402,                    3919,                    0,                    0,                    
                                    1081,                    1081,                    449,                    37.502,                    41,                    0.105,                    4,                    26000,                    19402,                    3919,                    0,                    0,                    
                                    1082,                    1082,                    449,                    37.502,                    41,                    0.105,                    4,                    26000,                    19402,                    3919,                    0,                    0,                    
                                    1083,                    1083,                    449,                    37.502,                    41,                    0.105,                    4,                    26000,                    19402,                    3919,                    0,                    0,                    
                                    1084,                    1084,                    449,                    37.502,                    41,                    0.105,                    4,                    26000,                    19402,                    3919,                    0,                    0,                    
                                    1085,                    1085,                    449,                    37.502,                    41,                    0.105,                    4,                    26000,                    19402,                    3919,                    0,                    0,                    
                                    1086,                    1086,                    449,                    37.502,                    41,                    0.105,                    4,                    26000,                    19402,                    3919,                    0,                    0,                    
                                    1087,                    1087,                    449,                    37.502,                    41,                    0.105,                    4,                    26000,                    19402,                    3919,                    0,                    0,                    
                                    1088,                    1088,                    449,                    37.502,                    41,                    0.105,                    4,                    26000,                    19402,                    3919,                    0,                    0,                    
                                    1089,                    1089,                    449,                    37.502,                    41,                    0.105,                    4,                    26000,                    19402,                    3919,                    0,                    0,                    
                                    1090,                    1090,                    449,                    37.502,                    41,                    0.105,                    4,                    26000,                    19402,                    3919,                    0,                    0,                    
                                    1091,                    1091,                    449,                    37.502,                    41,                    0.105,                    4,                    26000,                    19402,                    3919,                    0,                    0,                    
                                    1092,                    1092,                    449,                    37.502,                    41,                    0.105,                    4,                    26000,                    19402,                    3919,                    0,                    0,                    
                                    1093,                    1093,                    449,                    37.502,                    41,                    0.105,                    4,                    26000,                    19402,                    3919,                    0,                    0,                    
                                    1094,                    1094,                    449,                    37.502,                    41,                    0.105,                    4,                    26000,                    19402,                    3919,                    0,                    0,                    
                                    1095,                    1095,                    449,                    37.502,                    41,                    0.105,                    4,                    26000,                    19402,                    3919,                    0,                    0,                    
                                    1096,                    1096,                    404,                    37.065,                    42,                    0.105,                    4,                    26000,                    19402,                    3919,                    0,                    0,                    
                                    1097,                    1097,                    404,                    37.065,                    42,                    0.105,                    4,                    26000,                    19402,                    3919,                    0,                    0,                    
                                    1098,                    1098,                    404,                    37.065,                    42,                    0.105,                    4,                    26000,                    19402,                    3919,                    0,                    0,                    
                                    1099,                    1099,                    404,                    37.065,                    42,                    0.105,                    4,                    26000,                    19402,                    3919,                    0,                    0,                    
                                    1100,                    1100,                    404,                    37.065,                    42,                    0.105,                    4,                    26000,                    19402,                    3919,                    0,                    0,                    
                                    1101,                    1101,                    404,                    37.065,                    42,                    0.105,                    4,                    26000,                    19402,                    3919,                    0,                    0,                    
                                    1102,                    1102,                    404,                    37.065,                    42,                    0.105,                    4,                    26000,                    19402,                    3919,                    0,                    0,                    
                                    1103,                    1103,                    404,                    37.065,                    42,                    0.105,                    4,                    26000,                    19402,                    3919,                    0,                    0,                    
                                    1104,                    1104,                    404,                    37.065,                    42,                    0.105,                    4,                    26000,                    19402,                    3919,                    0,                    0,                    
                                    1105,                    1105,                    404,                    37.065,                    42,                    0.105,                    4,                    26000,                    19402,                    3919,                    0,                    0,                    
                                    1106,                    1106,                    404,                    37.065,                    42,                    0.105,                    4,                    26000,                    19402,                    3919,                    0,                    0,                    
                                    1107,                    1107,                    404,                    37.065,                    42,                    0.105,                    4,                    26000,                    19402,                    3919,                    0,                    0,                    
                                    1108,                    1108,                    404,                    37.065,                    42,                    0.105,                    4,                    26000,                    19402,                    3919,                    0,                    0,                    
                                    1109,                    1109,                    404,                    37.065,                    42,                    0.105,                    4,                    26000,                    19402,                    3919,                    0,                    0,                    
                                    1110,                    1110,                    404,                    37.065,                    42,                    0.105,                    4,                    26000,                    19402,                    3919,                    0,                    0,                    
                                    1111,                    1111,                    404,                    37.065,                    42,                    0.105,                    4,                    26000,                    19402,                    3919,                    0,                    0,                    
                                    1112,                    1112,                    404,                    37.065,                    42,                    0.105,                    4,                    26000,                    19402,                    3919,                    0,                    0,                    
                                    1113,                    1113,                    404,                    37.065,                    42,                    0.105,                    4,                    26000,                    19402,                    3919,                    0,                    0,                    
                                    1114,                    1114,                    404,                    37.065,                    42,                    0.105,                    4,                    26000,                    19402,                    3919,                    0,                    0,                    
                                    1115,                    1115,                    404,                    37.065,                    42,                    0.105,                    4,                    26000,                    19402,                    3919,                    0,                    0,                    
                                    1116,                    1116,                    404,                    37.065,                    42,                    0.105,                    4,                    26000,                    19402,                    3919,                    0,                    0,                    
                                    1117,                    1117,                    404,                    37.065,                    42,                    0.105,                    4,                    26000,                    19402,                    3919,                    0,                    0,                    
                                    1118,                    1118,                    404,                    37.065,                    42,                    0.105,                    4,                    26000,                    19402,                    3919,                    0,                    0,                    
                                    1119,                    1119,                    404,                    37.065,                    42,                    0.105,                    4,                    26000,                    19402,                    3919,                    0,                    0,                    
                                    1120,                    1120,                    404,                    37.065,                    42,                    0.105,                    4,                    26000,                    19402,                    3919,                    0,                    0,                    
                                    1121,                    1121,                    404,                    37.065,                    42,                    0.105,                    4,                    26000,                    19402,                    3919,                    0,                    0,                    
                                    1122,                    1122,                    404,                    37.065,                    42,                    0.105,                    4,                    26000,                    19402,                    3919,                    0,                    0,                    
                                    1123,                    1123,                    404,                    37.065,                    42,                    0.105,                    4,                    26000,                    19402,                    3919,                    0,                    0,                    
                                    1124,                    1124,                    404,                    37.065,                    42,                    0.105,                    4,                    26000,                    19402,                    3919,                    0,                    0,                    
                                    1125,                    1125,                    404,                    37.065,                    42,                    0.105,                    4,                    26000,                    19402,                    3919,                    0,                    0,                    
                                    1126,                    1126,                    404,                    37.065,                    42,                    0.105,                    4,                    26000,                    19402,                    3919,                    0,                    0,                    
                                    1127,                    1127,                    334,                    36.954,                    42,                    0.105,                    4,                    26000,                    19402,                    3919,                    0,                    0,                    
                                    1128,                    1128,                    334,                    36.954,                    42,                    0.105,                    4,                    26000,                    19402,                    3919,                    0,                    0,                    
                                    1129,                    1129,                    334,                    36.954,                    42,                    0.105,                    4,                    26000,                    19402,                    3919,                    0,                    0,                    
                                    1130,                    1130,                    334,                    36.954,                    42,                    0.105,                    4,                    26000,                    19402,                    3919,                    0,                    0,                    
                                    1131,                    1131,                    334,                    36.954,                    42,                    0.105,                    4,                    26000,                    19402,                    3919,                    0,                    0,                    
                                    1132,                    1132,                    334,                    36.954,                    42,                    0.105,                    4,                    26000,                    19402,                    3919,                    0,                    0,                    
                                    1133,                    1133,                    334,                    36.954,                    42,                    0.105,                    4,                    26000,                    19402,                    3919,                    0,                    0,                    
                                    1134,                    1134,                    334,                    36.954,                    42,                    0.105,                    4,                    26000,                    19402,                    3919,                    0,                    0,                    
                                    1135,                    1135,                    334,                    36.954,                    42,                    0.105,                    4,                    26000,                    19402,                    3919,                    0,                    0,                    
                                    1136,                    1136,                    334,                    36.954,                    42,                    0.105,                    4,                    26000,                    19402,                    3919,                    0,                    0,                    
                                    1137,                    1137,                    334,                    36.954,                    42,                    0.105,                    4,                    26000,                    19402,                    3919,                    0,                    0,                    
                                    1138,                    1138,                    334,                    36.954,                    42,                    0.105,                    4,                    26000,                    19402,                    3919,                    0,                    0,                    
                                    1139,                    1139,                    334,                    36.954,                    42,                    0.105,                    4,                    26000,                    19402,                    3919,                    0,                    0,                    
                                    1140,                    1140,                    334,                    36.954,                    42,                    0.105,                    4,                    26000,                    19402,                    3919,                    0,                    0,                    
                                    1141,                    1141,                    334,                    36.954,                    42,                    0.105,                    4,                    26000,                    19402,                    3919,                    0,                    0,                    
                                    1142,                    1142,                    334,                    36.954,                    42,                    0.105,                    4,                    26000,                    19402,                    3919,                    0,                    0,                    
                                    1143,                    1143,                    334,                    36.954,                    42,                    0.105,                    4,                    26000,                    19402,                    3919,                    0,                    0,                    
                                    1144,                    1144,                    334,                    36.954,                    42,                    0.105,                    4,                    26000,                    19402,                    3919,                    0,                    0,                    
                                    1145,                    1145,                    334,                    36.954,                    42,                    0.105,                    4,                    26000,                    19402,                    3919,                    0,                    0,                    
                                    1146,                    1146,                    334,                    36.954,                    42,                    0.105,                    4,                    26000,                    19402,                    3919,                    0,                    0,                    
                                    1147,                    1147,                    334,                    36.954,                    42,                    0.105,                    4,                    26000,                    19402,                    3919,                    0,                    0,                    
                                    1148,                    1148,                    334,                    36.954,                    42,                    0.105,                    4,                    26000,                    19402,                    3919,                    0,                    0,                    
                                    1149,                    1149,                    334,                    36.954,                    42,                    0.105,                    4,                    26000,                    19402,                    3919,                    0,                    0,                    
                                    1150,                    1150,                    334,                    36.954,                    42,                    0.105,                    4,                    26000,                    19402,                    3919,                    0,                    0,                    
                                    1151,                    1151,                    334,                    36.954,                    42,                    0.105,                    4,                    26000,                    19402,                    3919,                    0,                    0,                    
                                    1152,                    1152,                    334,                    36.954,                    42,                    0.105,                    4,                    26000,                    19402,                    3919,                    0,                    0,                    
                                    1153,                    1153,                    334,                    36.954,                    42,                    0.105,                    4,                    26000,                    19402,                    3919,                    0,                    0,                    
                                    1154,                    1154,                    334,                    36.954,                    42,                    0.105,                    4,                    26000,                    19402,                    3919,                    0,                    0,                    
                                    1155,                    1155,                    345,                    37.232,                    42,                    0.105,                    4,                    26000,                    19402,                    3919,                    0,                    0,                    
                                    1156,                    1156,                    345,                    37.232,                    42,                    0.105,                    4,                    26000,                    19402,                    3919,                    0,                    0,                    
                                    1157,                    1157,                    345,                    37.232,                    42,                    0.105,                    4,                    26000,                    19402,                    3919,                    0,                    0,                    
                                    1158,                    1158,                    345,                    37.232,                    42,                    0.105,                    4,                    26000,                    19402,                    3919,                    0,                    0,                    
                                    1159,                    1159,                    345,                    37.232,                    42,                    0.105,                    4,                    26000,                    19402,                    3919,                    0,                    0,                    
                                    1160,                    1160,                    345,                    37.232,                    42,                    0.105,                    4,                    26000,                    19402,                    3919,                    0,                    0,                    
                                    1161,                    1161,                    345,                    37.232,                    42,                    0.105,                    4,                    26000,                    19402,                    3919,                    0,                    0,                    
                                    1162,                    1162,                    345,                    37.232,                    42,                    0.105,                    4,                    26000,                    19402,                    3919,                    0,                    0,                    
                                    1163,                    1163,                    345,                    37.232,                    42,                    0.105,                    4,                    26000,                    19402,                    3919,                    0,                    0,                    
                                    1164,                    1164,                    345,                    37.232,                    42,                    0.105,                    4,                    26000,                    19402,                    3919,                    0,                    0,                    
                                    1165,                    1165,                    345,                    37.232,                    42,                    0.105,                    4,                    26000,                    19402,                    3919,                    0,                    0,                    
                                    1166,                    1166,                    345,                    37.232,                    42,                    0.105,                    4,                    26000,                    19402,                    3919,                    0,                    0,                    
                                    1167,                    1167,                    345,                    37.232,                    42,                    0.105,                    4,                    26000,                    19402,                    3919,                    0,                    0,                    
                                    1168,                    1168,                    345,                    37.232,                    42,                    0.105,                    4,                    26000,                    19402,                    3919,                    0,                    0,                    
                                    1169,                    1169,                    345,                    37.232,                    42,                    0.105,                    4,                    26000,                    19402,                    3919,                    0,                    0,                    
                                    1170,                    1170,                    345,                    37.232,                    42,                    0.105,                    4,                    26000,                    19402,                    3919,                    0,                    0,                    
                                    1171,                    1171,                    345,                    37.232,                    42,                    0.105,                    4,                    26000,                    19402,                    3919,                    0,                    0,                    
                                    1172,                    1172,                    345,                    37.232,                    42,                    0.105,                    4,                    26000,                    19402,                    3919,                    0,                    0,                    
                                    1173,                    1173,                    345,                    37.232,                    42,                    0.105,                    4,                    26000,                    19402,                    3919,                    0,                    0,                    
                                    1174,                    1174,                    345,                    37.232,                    42,                    0.105,                    4,                    26000,                    19402,                    3919,                    0,                    0,                    
                                    1175,                    1175,                    345,                    37.232,                    42,                    0.105,                    4,                    26000,                    19402,                    3919,                    0,                    0,                    
                                    1176,                    1176,                    345,                    37.232,                    42,                    0.105,                    4,                    26000,                    19402,                    3919,                    0,                    0,                    
                                    1177,                    1177,                    345,                    37.232,                    42,                    0.105,                    4,                    26000,                    19402,                    3919,                    0,                    0,                    
                                    1178,                    1178,                    345,                    37.232,                    42,                    0.105,                    4,                    26000,                    19402,                    3919,                    0,                    0,                    
                                    1179,                    1179,                    345,                    37.232,                    42,                    0.105,                    4,                    26000,                    19402,                    3919,                    0,                    0,                    
                                    1180,                    1180,                    345,                    37.232,                    42,                    0.105,                    4,                    26000,                    19402,                    3919,                    0,                    0,                    
                                    1181,                    1181,                    345,                    37.232,                    42,                    0.105,                    4,                    26000,                    19402,                    3919,                    0,                    0,                    
                                    1182,                    1182,                    345,                    37.232,                    42,                    0.105,                    4,                    26000,                    19402,                    3919,                    0,                    0,                    
                                    1183,                    1183,                    345,                    37.232,                    42,                    0.105,                    4,                    26000,                    19402,                    3919,                    0,                    0,                    
                                    1184,                    1184,                    345,                    37.232,                    42,                    0.105,                    4,                    26000,                    19402,                    3919,                    0,                    0,                    
                                    1185,                    1185,                    345,                    37.232,                    42,                    0.105,                    4,                    26000,                    19402,                    3919,                    0,                    0,                    
                                    1186,                    1186,                    344,                    38.336,                    41,                    0.105,                    4,                    26000,                    19402,                    3919,                    0,                    0,                    
                                    1187,                    1187,                    344,                    38.336,                    41,                    0.105,                    4,                    26000,                    19402,                    3919,                    0,                    0,                    
                                    1188,                    1188,                    344,                    38.336,                    41,                    0.105,                    4,                    26000,                    19402,                    3919,                    0,                    0,                    
                                    1189,                    1189,                    344,                    38.336,                    41,                    0.105,                    4,                    26000,                    19402,                    3919,                    0,                    0,                    
                                    1190,                    1190,                    344,                    38.336,                    41,                    0.105,                    4,                    26000,                    19402,                    3919,                    0,                    0,                    
                                    1191,                    1191,                    344,                    38.336,                    41,                    0.105,                    4,                    26000,                    19402,                    3919,                    0,                    0,                    
                                    1192,                    1192,                    344,                    38.336,                    41,                    0.105,                    4,                    26000,                    19402,                    3919,                    0,                    0,                    
                                    1193,                    1193,                    344,                    38.336,                    41,                    0.105,                    4,                    26000,                    19402,                    3919,                    0,                    0,                    
                                    1194,                    1194,                    344,                    38.336,                    41,                    0.105,                    4,                    26000,                    19402,                    3919,                    0,                    0,                    
                                    1195,                    1195,                    344,                    38.336,                    41,                    0.105,                    4,                    26000,                    19402,                    3919,                    0,                    0,                    
                                    1196,                    1196,                    344,                    38.336,                    41,                    0.105,                    4,                    26000,                    19402,                    3919,                    0,                    0,                    
                                    1197,                    1197,                    344,                    38.336,                    41,                    0.105,                    4,                    26000,                    19402,                    3919,                    0,                    0,                    
                                    1198,                    1198,                    344,                    38.336,                    41,                    0.105,                    4,                    26000,                    19402,                    3919,                    0,                    0,                    
                                    1199,                    1199,                    344,                    38.336,                    41,                    0.105,                    4,                    26000,                    19402,                    3919,                    0,                    0,                    
                                    1200,                    1200,                    344,                    38.336,                    41,                    0.105,                    4,                    26000,                    19402,                    3919,                    0,                    0,                    
                                    1201,                    1201,                    344,                    38.336,                    41,                    0.105,                    4,                    26000,                    19402,                    3919,                    0,                    0,                    
                                    1202,                    1202,                    344,                    38.336,                    41,                    0.105,                    4,                    26000,                    19402,                    3919,                    0,                    0,                    
                                    1203,                    1203,                    344,                    38.336,                    41,                    0.105,                    4,                    26000,                    19402,                    3919,                    0,                    0,                    
                                    1204,                    1204,                    344,                    38.336,                    41,                    0.105,                    4,                    26000,                    19402,                    3919,                    0,                    0,                    
                                    1205,                    1205,                    344,                    38.336,                    41,                    0.105,                    4,                    26000,                    19402,                    3919,                    0,                    0,                    
                                    1206,                    1206,                    344,                    38.336,                    41,                    0.105,                    4,                    26000,                    19402,                    3919,                    0,                    0,                    
                                    1207,                    1207,                    344,                    38.336,                    41,                    0.105,                    4,                    26000,                    19402,                    3919,                    0,                    0,                    
                                    1208,                    1208,                    344,                    38.336,                    41,                    0.105,                    4,                    26000,                    19402,                    3919,                    0,                    0,                    
                                    1209,                    1209,                    344,                    38.336,                    41,                    0.105,                    4,                    26000,                    19402,                    3919,                    0,                    0,                    
                                    1210,                    1210,                    344,                    38.336,                    41,                    0.105,                    4,                    26000,                    19402,                    3919,                    0,                    0,                    
                                    1211,                    1211,                    344,                    38.336,                    41,                    0.105,                    4,                    26000,                    19402,                    3919,                    0,                    0,                    
                                    1212,                    1212,                    344,                    38.336,                    41,                    0.105,                    4,                    26000,                    19402,                    3919,                    0,                    0,                    
                                    1213,                    1213,                    344,                    38.336,                    41,                    0.105,                    4,                    26000,                    19402,                    3919,                    0,                    0,                    
                                    1214,                    1214,                    344,                    38.336,                    41,                    0.105,                    4,                    26000,                    19402,                    3919,                    0,                    0,                    
                                    1215,                    1215,                    344,                    38.336,                    41,                    0.105,                    4,                    26000,                    19402,                    3919,                    0,                    0,                    
                                    1216,                    1216,                    406,                    39.917,                    41,                    0.105,                    4,                    26000,                    19402,                    3919,                    0,                    0,                    
                                    1217,                    1217,                    406,                    39.917,                    41,                    0.105,                    4,                    26000,                    19402,                    3919,                    0,                    0,                    
                                    1218,                    1218,                    406,                    39.917,                    41,                    0.105,                    4,                    26000,                    19402,                    3919,                    0,                    0,                    
                                    1219,                    1219,                    406,                    39.917,                    41,                    0.105,                    4,                    26000,                    19402,                    3919,                    0,                    0,                    
                                    1220,                    1220,                    406,                    39.917,                    41,                    0.105,                    4,                    26000,                    19402,                    3919,                    0,                    0,                    
                                    1221,                    1221,                    406,                    39.917,                    41,                    0.105,                    4,                    26000,                    19402,                    3919,                    0,                    0,                    
                                    1222,                    1222,                    406,                    39.917,                    41,                    0.105,                    4,                    26000,                    19402,                    3919,                    0,                    0,                    
                                    1223,                    1223,                    406,                    39.917,                    41,                    0.105,                    4,                    26000,                    19402,                    3919,                    0,                    0,                    
                                    1224,                    1224,                    406,                    39.917,                    41,                    0.105,                    4,                    26000,                    19402,                    3919,                    0,                    0,                    
                                    1225,                    1225,                    406,                    39.917,                    41,                    0.105,                    4,                    26000,                    19402,                    3919,                    0,                    0,                    
                                    1226,                    1226,                    406,                    39.917,                    41,                    0.105,                    4,                    26000,                    19402,                    3919,                    0,                    0,                    
                                    1227,                    1227,                    406,                    39.917,                    41,                    0.105,                    4,                    26000,                    19402,                    3919,                    0,                    0,                    
                                    1228,                    1228,                    406,                    39.917,                    41,                    0.105,                    4,                    26000,                    19402,                    3919,                    0,                    0,                    
                                    1229,                    1229,                    406,                    39.917,                    41,                    0.105,                    4,                    26000,                    19402,                    3919,                    0,                    0,                    
                                    1230,                    1230,                    406,                    39.917,                    41,                    0.105,                    4,                    26000,                    19402,                    3919,                    0,                    0,                    
                                    1231,                    1231,                    406,                    39.917,                    41,                    0.105,                    4,                    26000,                    19402,                    3919,                    0,                    0,                    
                                    1232,                    1232,                    406,                    39.917,                    41,                    0.105,                    4,                    26000,                    19402,                    3919,                    0,                    0,                    
                                    1233,                    1233,                    406,                    39.917,                    41,                    0.105,                    4,                    26000,                    19402,                    3919,                    0,                    0,                    
                                    1234,                    1234,                    406,                    39.917,                    41,                    0.105,                    4,                    26000,                    19402,                    3919,                    0,                    0,                    
                                    1235,                    1235,                    406,                    39.917,                    41,                    0.105,                    4,                    26000,                    19402,                    3919,                    0,                    0,                    
                                    1236,                    1236,                    406,                    39.917,                    41,                    0.105,                    4,                    26000,                    19402,                    3919,                    0,                    0,                    
                                    1237,                    1237,                    406,                    39.917,                    41,                    0.105,                    4,                    26000,                    19402,                    3919,                    0,                    0,                    
                                    1238,                    1238,                    406,                    39.917,                    41,                    0.105,                    4,                    26000,                    19402,                    3919,                    0,                    0,                    
                                    1239,                    1239,                    406,                    39.917,                    41,                    0.105,                    4,                    26000,                    19402,                    3919,                    0,                    0,                    
                                    1240,                    1240,                    406,                    39.917,                    41,                    0.105,                    4,                    26000,                    19402,                    3919,                    0,                    0,                    
                                    1241,                    1241,                    406,                    39.917,                    41,                    0.105,                    4,                    26000,                    19402,                    3919,                    0,                    0,                    
                                    1242,                    1242,                    406,                    39.917,                    41,                    0.105,                    4,                    26000,                    19402,                    3919,                    0,                    0,                    
                                    1243,                    1243,                    406,                    39.917,                    41,                    0.105,                    4,                    26000,                    19402,                    3919,                    0,                    0,                    
                                    1244,                    1244,                    406,                    39.917,                    41,                    0.105,                    4,                    26000,                    19402,                    3919,                    0,                    0,                    
                                    1245,                    1245,                    406,                    39.917,                    41,                    0.105,                    4,                    26000,                    19402,                    3919,                    0,                    0,                    
                                    1246,                    1246,                    406,                    39.917,                    41,                    0.105,                    4,                    26000,                    19402,                    3919,                    0,                    0,                    
                                    1247,                    1247,                    441,                    41.005,                    40,                    0.105,                    4,                    26000,                    19402,                    3919,                    0,                    0,                    
                                    1248,                    1248,                    441,                    41.005,                    40,                    0.105,                    4,                    26000,                    19402,                    3919,                    0,                    0,                    
                                    1249,                    1249,                    441,                    41.005,                    40,                    0.105,                    4,                    26000,                    19402,                    3919,                    0,                    0,                    
                                    1250,                    1250,                    441,                    41.005,                    40,                    0.105,                    4,                    26000,                    19402,                    3919,                    0,                    0,                    
                                    1251,                    1251,                    441,                    41.005,                    40,                    0.105,                    4,                    26000,                    19402,                    3919,                    0,                    0,                    
                                    1252,                    1252,                    441,                    41.005,                    40,                    0.105,                    4,                    26000,                    19402,                    3919,                    0,                    0,                    
                                    1253,                    1253,                    441,                    41.005,                    40,                    0.105,                    4,                    26000,                    19402,                    3919,                    0,                    0,                    
                                    1254,                    1254,                    441,                    41.005,                    40,                    0.105,                    4,                    26000,                    19402,                    3919,                    0,                    0,                    
                                    1255,                    1255,                    441,                    41.005,                    40,                    0.105,                    4,                    26000,                    19402,                    3919,                    0,                    0,                    
                                    1256,                    1256,                    441,                    41.005,                    40,                    0.105,                    4,                    26000,                    19402,                    3919,                    0,                    0,                    
                                    1257,                    1257,                    441,                    41.005,                    40,                    0.105,                    4,                    26000,                    19402,                    3919,                    0,                    0,                    
                                    1258,                    1258,                    441,                    41.005,                    40,                    0.105,                    4,                    26000,                    19402,                    3919,                    0,                    0,                    
                                    1259,                    1259,                    441,                    41.005,                    40,                    0.105,                    4,                    26000,                    19402,                    3919,                    0,                    0,                    
                                    1260,                    1260,                    441,                    41.005,                    40,                    0.105,                    4,                    26000,                    19402,                    3919,                    0,                    0,                    
                                    1261,                    1261,                    441,                    41.005,                    40,                    0.105,                    4,                    26000,                    19402,                    3919,                    0,                    0,                    
                                    1262,                    1262,                    441,                    41.005,                    40,                    0.105,                    4,                    26000,                    19402,                    3919,                    0,                    0,                    
                                    1263,                    1263,                    441,                    41.005,                    40,                    0.105,                    4,                    26000,                    19402,                    3919,                    0,                    0,                    
                                    1264,                    1264,                    441,                    41.005,                    40,                    0.105,                    4,                    26000,                    19402,                    3919,                    0,                    0,                    
                                    1265,                    1265,                    441,                    41.005,                    40,                    0.105,                    4,                    26000,                    19402,                    3919,                    0,                    0,                    
                                    1266,                    1266,                    441,                    41.005,                    40,                    0.105,                    4,                    26000,                    19402,                    3919,                    0,                    0,                    
                                    1267,                    1267,                    441,                    41.005,                    40,                    0.105,                    4,                    26000,                    19402,                    3919,                    0,                    0,                    
                                    1268,                    1268,                    441,                    41.005,                    40,                    0.105,                    4,                    26000,                    19402,                    3919,                    0,                    0,                    
                                    1269,                    1269,                    441,                    41.005,                    40,                    0.105,                    4,                    26000,                    19402,                    3919,                    0,                    0,                    
                                    1270,                    1270,                    441,                    41.005,                    40,                    0.105,                    4,                    26000,                    19402,                    3919,                    0,                    0,                    
                                    1271,                    1271,                    441,                    41.005,                    40,                    0.105,                    4,                    26000,                    19402,                    3919,                    0,                    0,                    
                                    1272,                    1272,                    441,                    41.005,                    40,                    0.105,                    4,                    26000,                    19402,                    3919,                    0,                    0,                    
                                    1273,                    1273,                    441,                    41.005,                    40,                    0.105,                    4,                    26000,                    19402,                    3919,                    0,                    0,                    
                                    1274,                    1274,                    441,                    41.005,                    40,                    0.105,                    4,                    26000,                    19402,                    3919,                    0,                    0,                    
                                    1275,                    1275,                    441,                    41.005,                    40,                    0.105,                    4,                    26000,                    19402,                    3919,                    0,                    0,                    
                                    1276,                    1276,                    441,                    41.005,                    40,                    0.105,                    4,                    26000,                    19402,                    3919,                    0,                    0,                    
                                    1277,                    1277,                    533,                    41.878,                    40,                    0.105,                    4,                    26000,                    19402,                    3919,                    0,                    0,                    
                                    1278,                    1278,                    533,                    41.878,                    40,                    0.105,                    4,                    26000,                    19402,                    3919,                    0,                    0,                    
                                    1279,                    1279,                    533,                    41.878,                    40,                    0.105,                    4,                    26000,                    19402,                    3919,                    0,                    0,                    
                                    1280,                    1280,                    533,                    41.878,                    40,                    0.105,                    4,                    26000,                    19402,                    3919,                    0,                    0,                    
                                    1281,                    1281,                    533,                    41.878,                    40,                    0.105,                    4,                    26000,                    19402,                    3919,                    0,                    0,                    
                                    1282,                    1282,                    533,                    41.878,                    40,                    0.105,                    4,                    26000,                    19402,                    3919,                    0,                    0,                    
                                    1283,                    1283,                    533,                    41.878,                    40,                    0.105,                    4,                    26000,                    19402,                    3919,                    0,                    0,                    
                                    1284,                    1284,                    533,                    41.878,                    40,                    0.105,                    4,                    26000,                    19402,                    3919,                    0,                    0,                    
                                    1285,                    1285,                    533,                    41.878,                    40,                    0.105,                    4,                    26000,                    19402,                    3919,                    0,                    0,                    
                                    1286,                    1286,                    533,                    41.878,                    40,                    0.105,                    4,                    26000,                    19402,                    3919,                    0,                    0,                    
                                    1287,                    1287,                    533,                    41.878,                    40,                    0.105,                    4,                    26000,                    19402,                    3919,                    0,                    0,                    
                                    1288,                    1288,                    533,                    41.878,                    40,                    0.105,                    4,                    26000,                    19402,                    3919,                    0,                    0,                    
                                    1289,                    1289,                    533,                    41.878,                    40,                    0.105,                    4,                    26000,                    19402,                    3919,                    0,                    0,                    
                                    1290,                    1290,                    533,                    41.878,                    40,                    0.105,                    4,                    26000,                    19402,                    3919,                    0,                    0,                    
                                    1291,                    1291,                    533,                    41.878,                    40,                    0.105,                    4,                    26000,                    19402,                    3919,                    0,                    0,                    
                                    1292,                    1292,                    533,                    41.878,                    40,                    0.105,                    4,                    26000,                    19402,                    3919,                    0,                    0,                    
                                    1293,                    1293,                    533,                    41.878,                    40,                    0.105,                    4,                    26000,                    19402,                    3919,                    0,                    0,                    
                                    1294,                    1294,                    533,                    41.878,                    40,                    0.105,                    4,                    26000,                    19402,                    3919,                    0,                    0,                    
                                    1295,                    1295,                    533,                    41.878,                    40,                    0.105,                    4,                    26000,                    19402,                    3919,                    0,                    0,                    
                                    1296,                    1296,                    533,                    41.878,                    40,                    0.105,                    4,                    26000,                    19402,                    3919,                    0,                    0,                    
                                    1297,                    1297,                    533,                    41.878,                    40,                    0.105,                    4,                    26000,                    19402,                    3919,                    0,                    0,                    
                                    1298,                    1298,                    533,                    41.878,                    40,                    0.105,                    4,                    26000,                    19402,                    3919,                    0,                    0,                    
                                    1299,                    1299,                    533,                    41.878,                    40,                    0.105,                    4,                    26000,                    19402,                    3919,                    0,                    0,                    
                                    1300,                    1300,                    533,                    41.878,                    40,                    0.105,                    4,                    26000,                    19402,                    3919,                    0,                    0,                    
                                    1301,                    1301,                    533,                    41.878,                    40,                    0.105,                    4,                    26000,                    19402,                    3919,                    0,                    0,                    
                                    1302,                    1302,                    533,                    41.878,                    40,                    0.105,                    4,                    26000,                    19402,                    3919,                    0,                    0,                    
                                    1303,                    1303,                    533,                    41.878,                    40,                    0.105,                    4,                    26000,                    19402,                    3919,                    0,                    0,                    
                                    1304,                    1304,                    533,                    41.878,                    40,                    0.105,                    4,                    26000,                    19402,                    3919,                    0,                    0,                    
                                    1305,                    1305,                    533,                    41.878,                    40,                    0.105,                    4,                    26000,                    19402,                    3919,                    0,                    0,                    
                                    1306,                    1306,                    533,                    41.878,                    40,                    0.105,                    4,                    26000,                    19402,                    3919,                    0,                    0,                    
                                    1307,                    1307,                    533,                    41.878,                    40,                    0.105,                    4,                    26000,                    19402,                    3919,                    0,                    0,                    
                                    1308,                    1308,                    583,                    42.251,                    39,                    0.105,                    4,                    26000,                    19402,                    3919,                    0,                    0,                    
                                    1309,                    1309,                    583,                    42.251,                    39,                    0.105,                    4,                    26000,                    19402,                    3919,                    0,                    0,                    
                                    1310,                    1310,                    583,                    42.251,                    39,                    0.105,                    4,                    26000,                    19402,                    3919,                    0,                    0,                    
                                    1311,                    1311,                    583,                    42.251,                    39,                    0.105,                    4,                    26000,                    19402,                    3919,                    0,                    0,                    
                                    1312,                    1312,                    583,                    42.251,                    39,                    0.105,                    4,                    26000,                    19402,                    3919,                    0,                    0,                    
                                    1313,                    1313,                    583,                    42.251,                    39,                    0.105,                    4,                    26000,                    19402,                    3919,                    0,                    0,                    
                                    1314,                    1314,                    583,                    42.251,                    39,                    0.105,                    4,                    26000,                    19402,                    3919,                    0,                    0,                    
                                    1315,                    1315,                    583,                    42.251,                    39,                    0.105,                    4,                    26000,                    19402,                    3919,                    0,                    0,                    
                                    1316,                    1316,                    583,                    42.251,                    39,                    0.105,                    4,                    26000,                    19402,                    3919,                    0,                    0,                    
                                    1317,                    1317,                    583,                    42.251,                    39,                    0.105,                    4,                    26000,                    19402,                    3919,                    0,                    0,                    
                                    1318,                    1318,                    583,                    42.251,                    39,                    0.105,                    4,                    26000,                    19402,                    3919,                    0,                    0,                    
                                    1319,                    1319,                    583,                    42.251,                    39,                    0.105,                    4,                    26000,                    19402,                    3919,                    0,                    0,                    
                                    1320,                    1320,                    583,                    42.251,                    39,                    0.105,                    4,                    26000,                    19402,                    3919,                    0,                    0,                    
                                    1321,                    1321,                    583,                    42.251,                    39,                    0.105,                    4,                    26000,                    19402,                    3919,                    0,                    0,                    
                                    1322,                    1322,                    583,                    42.251,                    39,                    0.105,                    4,                    26000,                    19402,                    3919,                    0,                    0,                    
                                    1323,                    1323,                    583,                    42.251,                    39,                    0.105,                    4,                    26000,                    19402,                    3919,                    0,                    0,                    
                                    1324,                    1324,                    583,                    42.251,                    39,                    0.105,                    4,                    26000,                    19402,                    3919,                    0,                    0,                    
                                    1325,                    1325,                    583,                    42.251,                    39,                    0.105,                    4,                    26000,                    19402,                    3919,                    0,                    0,                    
                                    1326,                    1326,                    583,                    42.251,                    39,                    0.105,                    4,                    26000,                    19402,                    3919,                    0,                    0,                    
                                    1327,                    1327,                    583,                    42.251,                    39,                    0.105,                    4,                    26000,                    19402,                    3919,                    0,                    0,                    
                                    1328,                    1328,                    583,                    42.251,                    39,                    0.105,                    4,                    26000,                    19402,                    3919,                    0,                    0,                    
                                    1329,                    1329,                    583,                    42.251,                    39,                    0.105,                    4,                    26000,                    19402,                    3919,                    0,                    0,                    
                                    1330,                    1330,                    583,                    42.251,                    39,                    0.105,                    4,                    26000,                    19402,                    3919,                    0,                    0,                    
                                    1331,                    1331,                    583,                    42.251,                    39,                    0.105,                    4,                    26000,                    19402,                    3919,                    0,                    0,                    
                                    1332,                    1332,                    583,                    42.251,                    39,                    0.105,                    4,                    26000,                    19402,                    3919,                    0,                    0,                    
                                    1333,                    1333,                    583,                    42.251,                    39,                    0.105,                    4,                    26000,                    19402,                    3919,                    0,                    0,                    
                                    1334,                    1334,                    583,                    42.251,                    39,                    0.105,                    4,                    26000,                    19402,                    3919,                    0,                    0,                    
                                    1335,                    1335,                    583,                    42.251,                    39,                    0.105,                    4,                    26000,                    19402,                    3919,                    0,                    0,                    
                                    1336,                    1336,                    583,                    42.251,                    39,                    0.105,                    4,                    26000,                    19402,                    3919,                    0,                    0,                    
                                    1337,                    1337,                    583,                    42.251,                    39,                    0.105,                    4,                    26000,                    19402,                    3919,                    0,                    0,                    
                                    1338,                    1338,                    583,                    42.251,                    39,                    0.105,                    4,                    26000,                    19402,                    3919,                    0,                    0,                    
                                    1339,                    1339,                    529,                    42.017,                    39,                    0.105,                    4,                    26000,                    19402,                    3919,                    0,                    0,                    
                                    1340,                    1340,                    529,                    42.017,                    39,                    0.105,                    4,                    26000,                    19402,                    3919,                    0,                    0,                    
                                    1341,                    1341,                    529,                    42.017,                    39,                    0.105,                    4,                    26000,                    19402,                    3919,                    0,                    0,                    
                                    1342,                    1342,                    529,                    42.017,                    39,                    0.105,                    4,                    26000,                    19402,                    3919,                    0,                    0,                    
                                    1343,                    1343,                    529,                    42.017,                    39,                    0.105,                    4,                    26000,                    19402,                    3919,                    0,                    0,                    
                                    1344,                    1344,                    529,                    42.017,                    39,                    0.105,                    4,                    26000,                    19402,                    3919,                    0,                    0,                    
                                    1345,                    1345,                    529,                    42.017,                    39,                    0.105,                    4,                    26000,                    19402,                    3919,                    0,                    0,                    
                                    1346,                    1346,                    529,                    42.017,                    39,                    0.105,                    4,                    26000,                    19402,                    3919,                    0,                    0,                    
                                    1347,                    1347,                    529,                    42.017,                    39,                    0.105,                    4,                    26000,                    19402,                    3919,                    0,                    0,                    
                                    1348,                    1348,                    529,                    42.017,                    39,                    0.105,                    4,                    26000,                    19402,                    3919,                    0,                    0,                    
                                    1349,                    1349,                    529,                    42.017,                    39,                    0.105,                    4,                    26000,                    19402,                    3919,                    0,                    0,                    
                                    1350,                    1350,                    529,                    42.017,                    39,                    0.105,                    4,                    26000,                    19402,                    3919,                    0,                    0,                    
                                    1351,                    1351,                    529,                    42.017,                    39,                    0.105,                    4,                    26000,                    19402,                    3919,                    0,                    0,                    
                                    1352,                    1352,                    529,                    42.017,                    39,                    0.105,                    4,                    26000,                    19402,                    3919,                    0,                    0,                    
                                    1353,                    1353,                    529,                    42.017,                    39,                    0.105,                    4,                    26000,                    19402,                    3919,                    0,                    0,                    
                                    1354,                    1354,                    529,                    42.017,                    39,                    0.105,                    4,                    26000,                    19402,                    3919,                    0,                    0,                    
                                    1355,                    1355,                    529,                    42.017,                    39,                    0.105,                    4,                    26000,                    19402,                    3919,                    0,                    0,                    
                                    1356,                    1356,                    529,                    42.017,                    39,                    0.105,                    4,                    26000,                    19402,                    3919,                    0,                    0,                    
                                    1357,                    1357,                    529,                    42.017,                    39,                    0.105,                    4,                    26000,                    19402,                    3919,                    0,                    0,                    
                                    1358,                    1358,                    529,                    42.017,                    39,                    0.105,                    4,                    26000,                    19402,                    3919,                    0,                    0,                    
                                    1359,                    1359,                    529,                    42.017,                    39,                    0.105,                    4,                    26000,                    19402,                    3919,                    0,                    0,                    
                                    1360,                    1360,                    529,                    42.017,                    39,                    0.105,                    4,                    26000,                    19402,                    3919,                    0,                    0,                    
                                    1361,                    1361,                    529,                    42.017,                    39,                    0.105,                    4,                    26000,                    19402,                    3919,                    0,                    0,                    
                                    1362,                    1362,                    529,                    42.017,                    39,                    0.105,                    4,                    26000,                    19402,                    3919,                    0,                    0,                    
                                    1363,                    1363,                    529,                    42.017,                    39,                    0.105,                    4,                    26000,                    19402,                    3919,                    0,                    0,                    
                                    1364,                    1364,                    529,                    42.017,                    39,                    0.105,                    4,                    26000,                    19402,                    3919,                    0,                    0,                    
                                    1365,                    1365,                    529,                    42.017,                    39,                    0.105,                    4,                    26000,                    19402,                    3919,                    0,                    0,                    
                                    1366,                    1366,                    529,                    42.017,                    39,                    0.105,                    4,                    26000,                    19402,                    3919,                    0,                    0,                    
                                    1367,                    1367,                    529,                    42.017,                    39,                    0.105,                    4,                    26000,                    19402,                    3919,                    0,                    0,                    
                                    1368,                    1368,                    529,                    42.017,                    39,                    0.105,                    4,                    26000,                    19402,                    3919,                    0,                    0,                    
                                    1369,                    1369,                    482,                    41.444,                    39,                    0.105,                    4,                    26000,                    19402,                    3919,                    0,                    0,                    
                                    1370,                    1370,                    482,                    41.444,                    39,                    0.105,                    4,                    26000,                    19402,                    3919,                    0,                    0,                    
                                    1371,                    1371,                    482,                    41.444,                    39,                    0.105,                    4,                    26000,                    19402,                    3919,                    0,                    0,                    
                                    1372,                    1372,                    482,                    41.444,                    39,                    0.105,                    4,                    26000,                    19402,                    3919,                    0,                    0,                    
                                    1373,                    1373,                    482,                    41.444,                    39,                    0.105,                    4,                    26000,                    19402,                    3919,                    0,                    0,                    
                                    1374,                    1374,                    482,                    41.444,                    39,                    0.105,                    4,                    26000,                    19402,                    3919,                    0,                    0,                    
                                    1375,                    1375,                    482,                    41.444,                    39,                    0.105,                    4,                    26000,                    19402,                    3919,                    0,                    0,                    
                                    1376,                    1376,                    482,                    41.444,                    39,                    0.105,                    4,                    26000,                    19402,                    3919,                    0,                    0,                    
                                    1377,                    1377,                    482,                    41.444,                    39,                    0.105,                    4,                    26000,                    19402,                    3919,                    0,                    0,                    
                                    1378,                    1378,                    482,                    41.444,                    39,                    0.105,                    4,                    26000,                    19402,                    3919,                    0,                    0,                    
                                    1379,                    1379,                    482,                    41.444,                    39,                    0.105,                    4,                    26000,                    19402,                    3919,                    0,                    0,                    
                                    1380,                    1380,                    482,                    41.444,                    39,                    0.105,                    4,                    26000,                    19402,                    3919,                    0,                    0,                    
                                    1381,                    1381,                    482,                    41.444,                    39,                    0.105,                    4,                    26000,                    19402,                    3919,                    0,                    0,                    
                                    1382,                    1382,                    482,                    41.444,                    39,                    0.105,                    4,                    26000,                    19402,                    3919,                    0,                    0,                    
                                    1383,                    1383,                    482,                    41.444,                    39,                    0.105,                    4,                    26000,                    19402,                    3919,                    0,                    0,                    
                                    1384,                    1384,                    482,                    41.444,                    39,                    0.105,                    4,                    26000,                    19402,                    3919,                    0,                    0,                    
                                    1385,                    1385,                    482,                    41.444,                    39,                    0.105,                    4,                    26000,                    19402,                    3919,                    0,                    0,                    
                                    1386,                    1386,                    482,                    41.444,                    39,                    0.105,                    4,                    26000,                    19402,                    3919,                    0,                    0,                    
                                    1387,                    1387,                    482,                    41.444,                    39,                    0.105,                    4,                    26000,                    19402,                    3919,                    0,                    0,                    
                                    1388,                    1388,                    482,                    41.444,                    39,                    0.105,                    4,                    26000,                    19402,                    3919,                    0,                    0,                    
                                    1389,                    1389,                    482,                    41.444,                    39,                    0.105,                    4,                    26000,                    19402,                    3919,                    0,                    0,                    
                                    1390,                    1390,                    482,                    41.444,                    39,                    0.105,                    4,                    26000,                    19402,                    3919,                    0,                    0,                    
                                    1391,                    1391,                    482,                    41.444,                    39,                    0.105,                    4,                    26000,                    19402,                    3919,                    0,                    0,                    
                                    1392,                    1392,                    482,                    41.444,                    39,                    0.105,                    4,                    26000,                    19402,                    3919,                    0,                    0,                    
                                    1393,                    1393,                    482,                    41.444,                    39,                    0.105,                    4,                    26000,                    19402,                    3919,                    0,                    0,                    
                                    1394,                    1394,                    482,                    41.444,                    39,                    0.105,                    4,                    26000,                    19402,                    3919,                    0,                    0,                    
                                    1395,                    1395,                    482,                    41.444,                    39,                    0.105,                    4,                    26000,                    19402,                    3919,                    0,                    0,                    
                                    1396,                    1396,                    482,                    41.444,                    39,                    0.105,                    4,                    26000,                    19402,                    3919,                    0,                    0,                    
                                    1397,                    1397,                    482,                    41.444,                    39,                    0.105,                    4,                    26000,                    19402,                    3919,                    0,                    0,                    
                                    1398,                    1398,                    482,                    41.444,                    39,                    0.105,                    4,                    26000,                    19402,                    3919,                    0,                    0,                    
                                    1399,                    1399,                    482,                    41.444,                    39,                    0.105,                    4,                    26000,                    19402,                    3919,                    0,                    0,                    
                                    1400,                    1400,                    425,                    41.008,                    40,                    0.105,                    4,                    26000,                    19402,                    3919,                    0,                    0,                    
                                    1401,                    1401,                    425,                    41.008,                    40,                    0.105,                    4,                    26000,                    19402,                    3919,                    0,                    0,                    
                                    1402,                    1402,                    425,                    41.008,                    40,                    0.105,                    4,                    26000,                    19402,                    3919,                    0,                    0,                    
                                    1403,                    1403,                    425,                    41.008,                    40,                    0.105,                    4,                    26000,                    19402,                    3919,                    0,                    0,                    
                                    1404,                    1404,                    425,                    41.008,                    40,                    0.105,                    4,                    26000,                    19402,                    3919,                    0,                    0,                    
                                    1405,                    1405,                    425,                    41.008,                    40,                    0.105,                    4,                    26000,                    19402,                    3919,                    0,                    0,                    
                                    1406,                    1406,                    425,                    41.008,                    40,                    0.105,                    4,                    26000,                    19402,                    3919,                    0,                    0,                    
                                    1407,                    1407,                    425,                    41.008,                    40,                    0.105,                    4,                    26000,                    19402,                    3919,                    0,                    0,                    
                                    1408,                    1408,                    425,                    41.008,                    40,                    0.105,                    4,                    26000,                    19402,                    3919,                    0,                    0,                    
                                    1409,                    1409,                    425,                    41.008,                    40,                    0.105,                    4,                    26000,                    19402,                    3919,                    0,                    0,                    
                                    1410,                    1410,                    425,                    41.008,                    40,                    0.105,                    4,                    26000,                    19402,                    3919,                    0,                    0,                    
                                    1411,                    1411,                    425,                    41.008,                    40,                    0.105,                    4,                    26000,                    19402,                    3919,                    0,                    0,                    
                                    1412,                    1412,                    425,                    41.008,                    40,                    0.105,                    4,                    26000,                    19402,                    3919,                    0,                    0,                    
                                    1413,                    1413,                    425,                    41.008,                    40,                    0.105,                    4,                    26000,                    19402,                    3919,                    0,                    0,                    
                                    1414,                    1414,                    425,                    41.008,                    40,                    0.105,                    4,                    26000,                    19402,                    3919,                    0,                    0,                    
                                    1415,                    1415,                    425,                    41.008,                    40,                    0.105,                    4,                    26000,                    19402,                    3919,                    0,                    0,                    
                                    1416,                    1416,                    425,                    41.008,                    40,                    0.105,                    4,                    26000,                    19402,                    3919,                    0,                    0,                    
                                    1417,                    1417,                    425,                    41.008,                    40,                    0.105,                    4,                    26000,                    19402,                    3919,                    0,                    0,                    
                                    1418,                    1418,                    425,                    41.008,                    40,                    0.105,                    4,                    26000,                    19402,                    3919,                    0,                    0,                    
                                    1419,                    1419,                    425,                    41.008,                    40,                    0.105,                    4,                    26000,                    19402,                    3919,                    0,                    0,                    
                                    1420,                    1420,                    425,                    41.008,                    40,                    0.105,                    4,                    26000,                    19402,                    3919,                    0,                    0,                    
                                    1421,                    1421,                    425,                    41.008,                    40,                    0.105,                    4,                    26000,                    19402,                    3919,                    0,                    0,                    
                                    1422,                    1422,                    425,                    41.008,                    40,                    0.105,                    4,                    26000,                    19402,                    3919,                    0,                    0,                    
                                    1423,                    1423,                    425,                    41.008,                    40,                    0.105,                    4,                    26000,                    19402,                    3919,                    0,                    0,                    
                                    1424,                    1424,                    425,                    41.008,                    40,                    0.105,                    4,                    26000,                    19402,                    3919,                    0,                    0,                    
                                    1425,                    1425,                    425,                    41.008,                    40,                    0.105,                    4,                    26000,                    19402,                    3919,                    0,                    0,                    
                                    1426,                    1426,                    425,                    41.008,                    40,                    0.105,                    4,                    26000,                    19402,                    3919,                    0,                    0,                    
                                    1427,                    1427,                    425,                    41.008,                    40,                    0.105,                    4,                    26000,                    19402,                    3919,                    0,                    0,                    
                                    1428,                    1428,                    425,                    41.008,                    40,                    0.105,                    4,                    26000,                    19402,                    3919,                    0,                    0,                    
                                    1429,                    1429,                    425,                    41.008,                    40,                    0.105,                    4,                    26000,                    19402,                    3919,                    0,                    0,                    
                                    1430,                    1430,                    393,                    40.608,                    40,                    0.105,                    4,                    26000,                    19402,                    3919,                    0,                    0,                    
                                    1431,                    1431,                    393,                    40.608,                    40,                    0.105,                    4,                    26000,                    19402,                    3919,                    0,                    0,                    
                                    1432,                    1432,                    393,                    40.608,                    40,                    0.105,                    4,                    26000,                    19402,                    3919,                    0,                    0,                    
                                    1433,                    1433,                    393,                    40.608,                    40,                    0.105,                    4,                    26000,                    19402,                    3919,                    0,                    0,                    
                                    1434,                    1434,                    393,                    40.608,                    40,                    0.105,                    4,                    26000,                    19402,                    3919,                    0,                    0,                    
                                    1435,                    1435,                    393,                    40.608,                    40,                    0.105,                    4,                    26000,                    19402,                    3919,                    0,                    0,                    
                                    1436,                    1436,                    393,                    40.608,                    40,                    0.105,                    4,                    26000,                    19402,                    3919,                    0,                    0,                    
                                    1437,                    1437,                    393,                    40.608,                    40,                    0.105,                    4,                    26000,                    19402,                    3919,                    0,                    0,                    
                                    1438,                    1438,                    393,                    40.608,                    40,                    0.105,                    4,                    26000,                    19402,                    3919,                    0,                    0,                    
                                    1439,                    1439,                    393,                    40.608,                    40,                    0.105,                    4,                    26000,                    19402,                    3919,                    0,                    0,                    
                                    1440,                    1440,                    393,                    40.608,                    40,                    0.105,                    4,                    26000,                    19402,                    3919,                    0,                    0,                    
                                    1441,                    1441,                    393,                    40.608,                    40,                    0.105,                    4,                    26000,                    19402,                    3919,                    0,                    0,                    
                                    1442,                    1442,                    393,                    40.608,                    40,                    0.105,                    4,                    26000,                    19402,                    3919,                    0,                    0,                    
                                    1443,                    1443,                    393,                    40.608,                    40,                    0.105,                    4,                    26000,                    19402,                    3919,                    0,                    0,                    
                                    1444,                    1444,                    393,                    40.608,                    40,                    0.105,                    4,                    26000,                    19402,                    3919,                    0,                    0,                    
                                    1445,                    1445,                    393,                    40.608,                    40,                    0.105,                    4,                    26000,                    19402,                    3919,                    0,                    0,                    
                                    1446,                    1446,                    393,                    40.608,                    40,                    0.105,                    4,                    26000,                    19402,                    3919,                    0,                    0,                    
                                    1447,                    1447,                    393,                    40.608,                    40,                    0.105,                    4,                    26000,                    19402,                    3919,                    0,                    0,                    
                                    1448,                    1448,                    393,                    40.608,                    40,                    0.105,                    4,                    26000,                    19402,                    3919,                    0,                    0,                    
                                    1449,                    1449,                    393,                    40.608,                    40,                    0.105,                    4,                    26000,                    19402,                    3919,                    0,                    0,                    
                                    1450,                    1450,                    393,                    40.608,                    40,                    0.105,                    4,                    26000,                    19402,                    3919,                    0,                    0,                    
                                    1451,                    1451,                    393,                    40.608,                    40,                    0.105,                    4,                    26000,                    19402,                    3919,                    0,                    0,                    
                                    1452,                    1452,                    393,                    40.608,                    40,                    0.105,                    4,                    26000,                    19402,                    3919,                    0,                    0,                    
                                    1453,                    1453,                    393,                    40.608,                    40,                    0.105,                    4,                    26000,                    19402,                    3919,                    0,                    0,                    
                                    1454,                    1454,                    393,                    40.608,                    40,                    0.105,                    4,                    26000,                    19402,                    3919,                    0,                    0,                    
                                    1455,                    1455,                    393,                    40.608,                    40,                    0.105,                    4,                    26000,                    19402,                    3919,                    0,                    0,                    
                                    1456,                    1456,                    393,                    40.608,                    40,                    0.105,                    4,                    26000,                    19402,                    3919,                    0,                    0,                    
                                    1457,                    1457,                    393,                    40.608,                    40,                    0.105,                    4,                    26000,                    19402,                    3919,                    0,                    0,                    
                                    1458,                    1458,                    393,                    40.608,                    40,                    0.105,                    4,                    26000,                    19402,                    3919,                    0,                    0,                    
                                    1459,                    1459,                    393,                    40.608,                    40,                    0.105,                    4,                    26000,                    19402,                    3919,                    0,                    0,                    
                                    1460,                    1460,                    393,                    40.608,                    40,                    0.105,                    4,                    26000,                    19402,                    3919,                    0,                    0,                    
                                    1461,                    1461,                    274,                    36.279,                    43,                    0.105,                    4,                    26000,                    19402,                    3919,                    0,                    0,                    
                                    1462,                    1462,                    274,                    36.279,                    43,                    0.105,                    4,                    26000,                    19402,                    3919,                    0,                    0,                    
                                    1463,                    1463,                    274,                    36.279,                    43,                    0.105,                    4,                    26000,                    19402,                    3919,                    0,                    0,                    
                                    1464,                    1464,                    274,                    36.279,                    43,                    0.105,                    4,                    26000,                    19402,                    3919,                    0,                    0,                    
                                    1465,                    1465,                    274,                    36.279,                    43,                    0.105,                    4,                    26000,                    19402,                    3919,                    0,                    0,                    
                                    1466,                    1466,                    274,                    36.279,                    43,                    0.105,                    4,                    26000,                    19402,                    3919,                    0,                    0,                    
                                    1467,                    1467,                    274,                    36.279,                    43,                    0.105,                    4,                    26000,                    19402,                    3919,                    0,                    0,                    
                                    1468,                    1468,                    274,                    36.279,                    43,                    0.105,                    4,                    26000,                    19402,                    3919,                    0,                    0,                    
                                    1469,                    1469,                    274,                    36.279,                    43,                    0.105,                    4,                    26000,                    19402,                    3919,                    0,                    0,                    
                                    1470,                    1470,                    274,                    36.279,                    43,                    0.105,                    4,                    26000,                    19402,                    3919,                    0,                    0,                    
                                    1471,                    1471,                    274,                    36.279,                    43,                    0.105,                    4,                    26000,                    19402,                    3919,                    0,                    0,                    
                                    1472,                    1472,                    274,                    36.279,                    43,                    0.105,                    4,                    26000,                    19402,                    3919,                    0,                    0,                    
                                    1473,                    1473,                    274,                    36.279,                    43,                    0.105,                    4,                    26000,                    19402,                    3919,                    0,                    0,                    
                                    1474,                    1474,                    274,                    36.279,                    43,                    0.105,                    4,                    26000,                    19402,                    3919,                    0,                    0,                    
                                    1475,                    1475,                    274,                    36.279,                    43,                    0.105,                    4,                    26000,                    19402,                    3919,                    0,                    0,                    
                                    1476,                    1476,                    274,                    36.279,                    43,                    0.105,                    4,                    26000,                    19402,                    3919,                    0,                    0,                    
                                    1477,                    1477,                    274,                    36.279,                    43,                    0.105,                    4,                    26000,                    19402,                    3919,                    0,                    0,                    
                                    1478,                    1478,                    274,                    36.279,                    43,                    0.105,                    4,                    26000,                    19402,                    3919,                    0,                    0,                    
                                    1479,                    1479,                    274,                    36.279,                    43,                    0.105,                    4,                    26000,                    19402,                    3919,                    0,                    0,                    
                                    1480,                    1480,                    274,                    36.279,                    43,                    0.105,                    4,                    26000,                    19402,                    3919,                    0,                    0,                    
                                    1481,                    1481,                    274,                    36.279,                    43,                    0.105,                    4,                    26000,                    19402,                    3919,                    0,                    0,                    
                                    1482,                    1482,                    274,                    36.279,                    43,                    0.105,                    4,                    26000,                    19402,                    3919,                    0,                    0,                    
                                    1483,                    1483,                    274,                    36.279,                    43,                    0.105,                    4,                    26000,                    19402,                    3919,                    0,                    0,                    
                                    1484,                    1484,                    274,                    36.279,                    43,                    0.105,                    4,                    26000,                    19402,                    3919,                    0,                    0,                    
                                    1485,                    1485,                    274,                    36.279,                    43,                    0.105,                    4,                    26000,                    19402,                    3919,                    0,                    0,                    
                                    1486,                    1486,                    274,                    36.279,                    43,                    0.105,                    4,                    26000,                    19402,                    3919,                    0,                    0,                    
                                    1487,                    1487,                    274,                    36.279,                    43,                    0.105,                    4,                    26000,                    19402,                    3919,                    0,                    0,                    
                                    1488,                    1488,                    274,                    36.279,                    43,                    0.105,                    4,                    26000,                    19402,                    3919,                    0,                    0,                    
                                    1489,                    1489,                    274,                    36.279,                    43,                    0.105,                    4,                    26000,                    19402,                    3919,                    0,                    0,                    
                                    1490,                    1490,                    274,                    36.279,                    43,                    0.105,                    4,                    26000,                    19402,                    3919,                    0,                    0,                    
                                    1491,                    1491,                    274,                    36.279,                    43,                    0.105,                    4,                    26000,                    19402,                    3919,                    0,                    0,                    
                                    1492,                    1492,                    277,                    37.327,                    42,                    0.105,                    4,                    26000,                    19402,                    3919,                    0,                    0,                    
                                    1493,                    1493,                    277,                    37.327,                    42,                    0.105,                    4,                    26000,                    19402,                    3919,                    0,                    0,                    
                                    1494,                    1494,                    277,                    37.327,                    42,                    0.105,                    4,                    26000,                    19402,                    3919,                    0,                    0,                    
                                    1495,                    1495,                    277,                    37.327,                    42,                    0.105,                    4,                    26000,                    19402,                    3919,                    0,                    0,                    
                                    1496,                    1496,                    277,                    37.327,                    42,                    0.105,                    4,                    26000,                    19402,                    3919,                    0,                    0,                    
                                    1497,                    1497,                    277,                    37.327,                    42,                    0.105,                    4,                    26000,                    19402,                    3919,                    0,                    0,                    
                                    1498,                    1498,                    277,                    37.327,                    42,                    0.105,                    4,                    26000,                    19402,                    3919,                    0,                    0,                    
                                    1499,                    1499,                    277,                    37.327,                    42,                    0.105,                    4,                    26000,                    19402,                    3919,                    0,                    0,                    
                                    1500,                    1500,                    277,                    37.327,                    42,                    0.105,                    4,                    26000,                    19402,                    3919,                    0,                    0,                    
                                    1501,                    1501,                    277,                    37.327,                    42,                    0.105,                    4,                    26000,                    19402,                    3919,                    0,                    0,                    
                                    1502,                    1502,                    277,                    37.327,                    42,                    0.105,                    4,                    26000,                    19402,                    3919,                    0,                    0,                    
                                    1503,                    1503,                    277,                    37.327,                    42,                    0.105,                    4,                    26000,                    19402,                    3919,                    0,                    0,                    
                                    1504,                    1504,                    277,                    37.327,                    42,                    0.105,                    4,                    26000,                    19402,                    3919,                    0,                    0,                    
                                    1505,                    1505,                    277,                    37.327,                    42,                    0.105,                    4,                    26000,                    19402,                    3919,                    0,                    0,                    
                                    1506,                    1506,                    277,                    37.327,                    42,                    0.105,                    4,                    26000,                    19402,                    3919,                    0,                    0,                    
                                    1507,                    1507,                    277,                    37.327,                    42,                    0.105,                    4,                    26000,                    19402,                    3919,                    0,                    0,                    
                                    1508,                    1508,                    277,                    37.327,                    42,                    0.105,                    4,                    26000,                    19402,                    3919,                    0,                    0,                    
                                    1509,                    1509,                    277,                    37.327,                    42,                    0.105,                    4,                    26000,                    19402,                    3919,                    0,                    0,                    
                                    1510,                    1510,                    277,                    37.327,                    42,                    0.105,                    4,                    26000,                    19402,                    3919,                    0,                    0,                    
                                    1511,                    1511,                    277,                    37.327,                    42,                    0.105,                    4,                    26000,                    19402,                    3919,                    0,                    0,                    
                                    1512,                    1512,                    277,                    37.327,                    42,                    0.105,                    4,                    26000,                    19402,                    3919,                    0,                    0,                    
                                    1513,                    1513,                    277,                    37.327,                    42,                    0.105,                    4,                    26000,                    19402,                    3919,                    0,                    0,                    
                                    1514,                    1514,                    277,                    37.327,                    42,                    0.105,                    4,                    26000,                    19402,                    3919,                    0,                    0,                    
                                    1515,                    1515,                    277,                    37.327,                    42,                    0.105,                    4,                    26000,                    19402,                    3919,                    0,                    0,                    
                                    1516,                    1516,                    277,                    37.327,                    42,                    0.105,                    4,                    26000,                    19402,                    3919,                    0,                    0,                    
                                    1517,                    1517,                    277,                    37.327,                    42,                    0.105,                    4,                    26000,                    19402,                    3919,                    0,                    0,                    
                                    1518,                    1518,                    277,                    37.327,                    42,                    0.105,                    4,                    26000,                    19402,                    3919,                    0,                    0,                    
                                    1519,                    1519,                    277,                    37.327,                    42,                    0.105,                    4,                    26000,                    19402,                    3919,                    0,                    0,                    
                                    1520,                    1520,                    304,                    37.551,                    42,                    0.105,                    4,                    26000,                    19402,                    3919,                    0,                    0,                    
                                    1521,                    1521,                    304,                    37.551,                    42,                    0.105,                    4,                    26000,                    19402,                    3919,                    0,                    0,                    
                                    1522,                    1522,                    304,                    37.551,                    42,                    0.105,                    4,                    26000,                    19402,                    3919,                    0,                    0,                    
                                    1523,                    1523,                    304,                    37.551,                    42,                    0.105,                    4,                    26000,                    19402,                    3919,                    0,                    0,                    
                                    1524,                    1524,                    304,                    37.551,                    42,                    0.105,                    4,                    26000,                    19402,                    3919,                    0,                    0,                    
                                    1525,                    1525,                    304,                    37.551,                    42,                    0.105,                    4,                    26000,                    19402,                    3919,                    0,                    0,                    
                                    1526,                    1526,                    304,                    37.551,                    42,                    0.105,                    4,                    26000,                    19402,                    3919,                    0,                    0,                    
                                    1527,                    1527,                    304,                    37.551,                    42,                    0.105,                    4,                    26000,                    19402,                    3919,                    0,                    0,                    
                                    1528,                    1528,                    304,                    37.551,                    42,                    0.105,                    4,                    26000,                    19402,                    3919,                    0,                    0,                    
                                    1529,                    1529,                    304,                    37.551,                    42,                    0.105,                    4,                    26000,                    19402,                    3919,                    0,                    0,                    
                                    1530,                    1530,                    304,                    37.551,                    42,                    0.105,                    4,                    26000,                    19402,                    3919,                    0,                    0,                    
                                    1531,                    1531,                    304,                    37.551,                    42,                    0.105,                    4,                    26000,                    19402,                    3919,                    0,                    0,                    
                                    1532,                    1532,                    304,                    37.551,                    42,                    0.105,                    4,                    26000,                    19402,                    3919,                    0,                    0,                    
                                    1533,                    1533,                    304,                    37.551,                    42,                    0.105,                    4,                    26000,                    19402,                    3919,                    0,                    0,                    
                                    1534,                    1534,                    304,                    37.551,                    42,                    0.105,                    4,                    26000,                    19402,                    3919,                    0,                    0,                    
                                    1535,                    1535,                    304,                    37.551,                    42,                    0.105,                    4,                    26000,                    19402,                    3919,                    0,                    0,                    
                                    1536,                    1536,                    304,                    37.551,                    42,                    0.105,                    4,                    26000,                    19402,                    3919,                    0,                    0,                    
                                    1537,                    1537,                    304,                    37.551,                    42,                    0.105,                    4,                    26000,                    19402,                    3919,                    0,                    0,                    
                                    1538,                    1538,                    304,                    37.551,                    42,                    0.105,                    4,                    26000,                    19402,                    3919,                    0,                    0,                    
                                    1539,                    1539,                    304,                    37.551,                    42,                    0.105,                    4,                    26000,                    19402,                    3919,                    0,                    0,                    
                                    1540,                    1540,                    304,                    37.551,                    42,                    0.105,                    4,                    26000,                    19402,                    3919,                    0,                    0,                    
                                    1541,                    1541,                    304,                    37.551,                    42,                    0.105,                    4,                    26000,                    19402,                    3919,                    0,                    0,                    
                                    1542,                    1542,                    304,                    37.551,                    42,                    0.105,                    4,                    26000,                    19402,                    3919,                    0,                    0,                    
                                    1543,                    1543,                    304,                    37.551,                    42,                    0.105,                    4,                    26000,                    19402,                    3919,                    0,                    0,                    
                                    1544,                    1544,                    304,                    37.551,                    42,                    0.105,                    4,                    26000,                    19402,                    3919,                    0,                    0,                    
                                    1545,                    1545,                    304,                    37.551,                    42,                    0.105,                    4,                    26000,                    19402,                    3919,                    0,                    0,                    
                                    1546,                    1546,                    304,                    37.551,                    42,                    0.105,                    4,                    26000,                    19402,                    3919,                    0,                    0,                    
                                    1547,                    1547,                    304,                    37.551,                    42,                    0.105,                    4,                    26000,                    19402,                    3919,                    0,                    0,                    
                                    1548,                    1548,                    304,                    37.551,                    42,                    0.105,                    4,                    26000,                    19402,                    3919,                    0,                    0,                    
                                    1549,                    1549,                    304,                    37.551,                    42,                    0.105,                    4,                    26000,                    19402,                    3919,                    0,                    0,                    
                                    1550,                    1550,                    304,                    37.551,                    42,                    0.105,                    4,                    26000,                    19402,                    3919,                    0,                    0,                    
                                    1551,                    1551,                    305,                    37.971,                    42,                    0.105,                    4,                    26000,                    19402,                    3919,                    0,                    0,                    
                                    1552,                    1552,                    305,                    37.971,                    42,                    0.105,                    4,                    26000,                    19402,                    3919,                    0,                    0,                    
                                    1553,                    1553,                    305,                    37.971,                    42,                    0.105,                    4,                    26000,                    19402,                    3919,                    0,                    0,                    
                                    1554,                    1554,                    305,                    37.971,                    42,                    0.105,                    4,                    26000,                    19402,                    3919,                    0,                    0,                    
                                    1555,                    1555,                    305,                    37.971,                    42,                    0.105,                    4,                    26000,                    19402,                    3919,                    0,                    0,                    
                                    1556,                    1556,                    305,                    37.971,                    42,                    0.105,                    4,                    26000,                    19402,                    3919,                    0,                    0,                    
                                    1557,                    1557,                    305,                    37.971,                    42,                    0.105,                    4,                    26000,                    19402,                    3919,                    0,                    0,                    
                                    1558,                    1558,                    305,                    37.971,                    42,                    0.105,                    4,                    26000,                    19402,                    3919,                    0,                    0,                    
                                    1559,                    1559,                    305,                    37.971,                    42,                    0.105,                    4,                    26000,                    19402,                    3919,                    0,                    0,                    
                                    1560,                    1560,                    305,                    37.971,                    42,                    0.105,                    4,                    26000,                    19402,                    3919,                    0,                    0,                    
                                    1561,                    1561,                    305,                    37.971,                    42,                    0.105,                    4,                    26000,                    19402,                    3919,                    0,                    0,                    
                                    1562,                    1562,                    305,                    37.971,                    42,                    0.105,                    4,                    26000,                    19402,                    3919,                    0,                    0,                    
                                    1563,                    1563,                    305,                    37.971,                    42,                    0.105,                    4,                    26000,                    19402,                    3919,                    0,                    0,                    
                                    1564,                    1564,                    305,                    37.971,                    42,                    0.105,                    4,                    26000,                    19402,                    3919,                    0,                    0,                    
                                    1565,                    1565,                    305,                    37.971,                    42,                    0.105,                    4,                    26000,                    19402,                    3919,                    0,                    0,                    
                                    1566,                    1566,                    305,                    37.971,                    42,                    0.105,                    4,                    26000,                    19402,                    3919,                    0,                    0,                    
                                    1567,                    1567,                    305,                    37.971,                    42,                    0.105,                    4,                    26000,                    19402,                    3919,                    0,                    0,                    
                                    1568,                    1568,                    305,                    37.971,                    42,                    0.105,                    4,                    26000,                    19402,                    3919,                    0,                    0,                    
                                    1569,                    1569,                    305,                    37.971,                    42,                    0.105,                    4,                    26000,                    19402,                    3919,                    0,                    0,                    
                                    1570,                    1570,                    305,                    37.971,                    42,                    0.105,                    4,                    26000,                    19402,                    3919,                    0,                    0,                    
                                    1571,                    1571,                    305,                    37.971,                    42,                    0.105,                    4,                    26000,                    19402,                    3919,                    0,                    0,                    
                                    1572,                    1572,                    305,                    37.971,                    42,                    0.105,                    4,                    26000,                    19402,                    3919,                    0,                    0,                    
                                    1573,                    1573,                    305,                    37.971,                    42,                    0.105,                    4,                    26000,                    19402,                    3919,                    0,                    0,                    
                                    1574,                    1574,                    305,                    37.971,                    42,                    0.105,                    4,                    26000,                    19402,                    3919,                    0,                    0,                    
                                    1575,                    1575,                    305,                    37.971,                    42,                    0.105,                    4,                    26000,                    19402,                    3919,                    0,                    0,                    
                                    1576,                    1576,                    305,                    37.971,                    42,                    0.105,                    4,                    26000,                    19402,                    3919,                    0,                    0,                    
                                    1577,                    1577,                    305,                    37.971,                    42,                    0.105,                    4,                    26000,                    19402,                    3919,                    0,                    0,                    
                                    1578,                    1578,                    305,                    37.971,                    42,                    0.105,                    4,                    26000,                    19402,                    3919,                    0,                    0,                    
                                    1579,                    1579,                    305,                    37.971,                    42,                    0.105,                    4,                    26000,                    19402,                    3919,                    0,                    0,                    
                                    1580,                    1580,                    305,                    37.971,                    42,                    0.105,                    4,                    26000,                    19402,                    3919,                    0,                    0,                    
                                    1581,                    1581,                    379,                    39.156,                    42,                    0.105,                    4,                    26000,                    19402,                    3919,                    0,                    0,                    
                                    1582,                    1582,                    379,                    39.156,                    42,                    0.105,                    4,                    26000,                    19402,                    3919,                    0,                    0,                    
                                    1583,                    1583,                    379,                    39.156,                    42,                    0.105,                    4,                    26000,                    19402,                    3919,                    0,                    0,                    
                                    1584,                    1584,                    379,                    39.156,                    42,                    0.105,                    4,                    26000,                    19402,                    3919,                    0,                    0,                    
                                    1585,                    1585,                    379,                    39.156,                    42,                    0.105,                    4,                    26000,                    19402,                    3919,                    0,                    0,                    
                                    1586,                    1586,                    379,                    39.156,                    42,                    0.105,                    4,                    26000,                    19402,                    3919,                    0,                    0,                    
                                    1587,                    1587,                    379,                    39.156,                    42,                    0.105,                    4,                    26000,                    19402,                    3919,                    0,                    0,                    
                                    1588,                    1588,                    379,                    39.156,                    42,                    0.105,                    4,                    26000,                    19402,                    3919,                    0,                    0,                    
                                    1589,                    1589,                    379,                    39.156,                    42,                    0.105,                    4,                    26000,                    19402,                    3919,                    0,                    0,                    
                                    1590,                    1590,                    379,                    39.156,                    42,                    0.105,                    4,                    26000,                    19402,                    3919,                    0,                    0,                    
                                    1591,                    1591,                    379,                    39.156,                    42,                    0.105,                    4,                    26000,                    19402,                    3919,                    0,                    0,                    
                                    1592,                    1592,                    379,                    39.156,                    42,                    0.105,                    4,                    26000,                    19402,                    3919,                    0,                    0,                    
                                    1593,                    1593,                    379,                    39.156,                    42,                    0.105,                    4,                    26000,                    19402,                    3919,                    0,                    0,                    
                                    1594,                    1594,                    379,                    39.156,                    42,                    0.105,                    4,                    26000,                    19402,                    3919,                    0,                    0,                    
                                    1595,                    1595,                    379,                    39.156,                    42,                    0.105,                    4,                    26000,                    19402,                    3919,                    0,                    0,                    
                                    1596,                    1596,                    379,                    39.156,                    42,                    0.105,                    4,                    26000,                    19402,                    3919,                    0,                    0,                    
                                    1597,                    1597,                    379,                    39.156,                    42,                    0.105,                    4,                    26000,                    19402,                    3919,                    0,                    0,                    
                                    1598,                    1598,                    379,                    39.156,                    42,                    0.105,                    4,                    26000,                    19402,                    3919,                    0,                    0,                    
                                    1599,                    1599,                    379,                    39.156,                    42,                    0.105,                    4,                    26000,                    19402,                    3919,                    0,                    0,                    
                                    1600,                    1600,                    379,                    39.156,                    42,                    0.105,                    4,                    26000,                    19402,                    3919,                    0,                    0,                    
                                    1601,                    1601,                    379,                    39.156,                    42,                    0.105,                    4,                    26000,                    19402,                    3919,                    0,                    0,                    
                                    1602,                    1602,                    379,                    39.156,                    42,                    0.105,                    4,                    26000,                    19402,                    3919,                    0,                    0,                    
                                    1603,                    1603,                    379,                    39.156,                    42,                    0.105,                    4,                    26000,                    19402,                    3919,                    0,                    0,                    
                                    1604,                    1604,                    379,                    39.156,                    42,                    0.105,                    4,                    26000,                    19402,                    3919,                    0,                    0,                    
                                    1605,                    1605,                    379,                    39.156,                    42,                    0.105,                    4,                    26000,                    19402,                    3919,                    0,                    0,                    
                                    1606,                    1606,                    379,                    39.156,                    42,                    0.105,                    4,                    26000,                    19402,                    3919,                    0,                    0,                    
                                    1607,                    1607,                    379,                    39.156,                    42,                    0.105,                    4,                    26000,                    19402,                    3919,                    0,                    0,                    
                                    1608,                    1608,                    379,                    39.156,                    42,                    0.105,                    4,                    26000,                    19402,                    3919,                    0,                    0,                    
                                    1609,                    1609,                    379,                    39.156,                    42,                    0.105,                    4,                    26000,                    19402,                    3919,                    0,                    0,                    
                                    1610,                    1610,                    379,                    39.156,                    42,                    0.105,                    4,                    26000,                    19402,                    3919,                    0,                    0,                    
                                    1611,                    1611,                    379,                    39.156,                    42,                    0.105,                    4,                    26000,                    19402,                    3919,                    0,                    0,                    
                                    1612,                    1612,                    410,                    39.72,                    41,                    0.105,                    4,                    26000,                    19402,                    3919,                    0,                    0,                    
                                    1613,                    1613,                    410,                    39.72,                    41,                    0.105,                    4,                    26000,                    19402,                    3919,                    0,                    0,                    
                                    1614,                    1614,                    410,                    39.72,                    41,                    0.105,                    4,                    26000,                    19402,                    3919,                    0,                    0,                    
                                    1615,                    1615,                    410,                    39.72,                    41,                    0.105,                    4,                    26000,                    19402,                    3919,                    0,                    0,                    
                                    1616,                    1616,                    410,                    39.72,                    41,                    0.105,                    4,                    26000,                    19402,                    3919,                    0,                    0,                    
                                    1617,                    1617,                    410,                    39.72,                    41,                    0.105,                    4,                    26000,                    19402,                    3919,                    0,                    0,                    
                                    1618,                    1618,                    410,                    39.72,                    41,                    0.105,                    4,                    26000,                    19402,                    3919,                    0,                    0,                    
                                    1619,                    1619,                    410,                    39.72,                    41,                    0.105,                    4,                    26000,                    19402,                    3919,                    0,                    0,                    
                                    1620,                    1620,                    410,                    39.72,                    41,                    0.105,                    4,                    26000,                    19402,                    3919,                    0,                    0,                    
                                    1621,                    1621,                    410,                    39.72,                    41,                    0.105,                    4,                    26000,                    19402,                    3919,                    0,                    0,                    
                                    1622,                    1622,                    410,                    39.72,                    41,                    0.105,                    4,                    26000,                    19402,                    3919,                    0,                    0,                    
                                    1623,                    1623,                    410,                    39.72,                    41,                    0.105,                    4,                    26000,                    19402,                    3919,                    0,                    0,                    
                                    1624,                    1624,                    410,                    39.72,                    41,                    0.105,                    4,                    26000,                    19402,                    3919,                    0,                    0,                    
                                    1625,                    1625,                    410,                    39.72,                    41,                    0.105,                    4,                    26000,                    19402,                    3919,                    0,                    0,                    
                                    1626,                    1626,                    410,                    39.72,                    41,                    0.105,                    4,                    26000,                    19402,                    3919,                    0,                    0,                    
                                    1627,                    1627,                    410,                    39.72,                    41,                    0.105,                    4,                    26000,                    19402,                    3919,                    0,                    0,                    
                                    1628,                    1628,                    410,                    39.72,                    41,                    0.105,                    4,                    26000,                    19402,                    3919,                    0,                    0,                    
                                    1629,                    1629,                    410,                    39.72,                    41,                    0.105,                    4,                    26000,                    19402,                    3919,                    0,                    0,                    
                                    1630,                    1630,                    410,                    39.72,                    41,                    0.105,                    4,                    26000,                    19402,                    3919,                    0,                    0,                    
                                    1631,                    1631,                    410,                    39.72,                    41,                    0.105,                    4,                    26000,                    19402,                    3919,                    0,                    0,                    
                                    1632,                    1632,                    410,                    39.72,                    41,                    0.105,                    4,                    26000,                    19402,                    3919,                    0,                    0,                    
                                    1633,                    1633,                    410,                    39.72,                    41,                    0.105,                    4,                    26000,                    19402,                    3919,                    0,                    0,                    
                                    1634,                    1634,                    410,                    39.72,                    41,                    0.105,                    4,                    26000,                    19402,                    3919,                    0,                    0,                    
                                    1635,                    1635,                    410,                    39.72,                    41,                    0.105,                    4,                    26000,                    19402,                    3919,                    0,                    0,                    
                                    1636,                    1636,                    410,                    39.72,                    41,                    0.105,                    4,                    26000,                    19402,                    3919,                    0,                    0,                    
                                    1637,                    1637,                    410,                    39.72,                    41,                    0.105,                    4,                    26000,                    19402,                    3919,                    0,                    0,                    
                                    1638,                    1638,                    410,                    39.72,                    41,                    0.105,                    4,                    26000,                    19402,                    3919,                    0,                    0,                    
                                    1639,                    1639,                    410,                    39.72,                    41,                    0.105,                    4,                    26000,                    19402,                    3919,                    0,                    0,                    
                                    1640,                    1640,                    410,                    39.72,                    41,                    0.105,                    4,                    26000,                    19402,                    3919,                    0,                    0,                    
                                    1641,                    1641,                    410,                    39.72,                    41,                    0.105,                    4,                    26000,                    19402,                    3919,                    0,                    0,                    
                                    1642,                    1642,                    648,                    41.162,                    41,                    0.105,                    4,                    26000,                    19402,                    3919,                    0,                    0,                    
                                    1643,                    1643,                    648,                    41.162,                    41,                    0.105,                    4,                    26000,                    19402,                    3919,                    0,                    0,                    
                                    1644,                    1644,                    648,                    41.162,                    41,                    0.105,                    4,                    26000,                    19402,                    3919,                    0,                    0,                    
                                    1645,                    1645,                    648,                    41.162,                    41,                    0.105,                    4,                    26000,                    19402,                    3919,                    0,                    0,                    
                                    1646,                    1646,                    648,                    41.162,                    41,                    0.105,                    4,                    26000,                    19402,                    3919,                    0,                    0,                    
                                    1647,                    1647,                    648,                    41.162,                    41,                    0.105,                    4,                    26000,                    19402,                    3919,                    0,                    0,                    
                                    1648,                    1648,                    648,                    41.162,                    41,                    0.105,                    4,                    26000,                    19402,                    3919,                    0,                    0,                    
                                    1649,                    1649,                    648,                    41.162,                    41,                    0.105,                    4,                    26000,                    19402,                    3919,                    0,                    0,                    
                                    1650,                    1650,                    648,                    41.162,                    41,                    0.105,                    4,                    26000,                    19402,                    3919,                    0,                    0,                    
                                    1651,                    1651,                    648,                    41.162,                    41,                    0.105,                    4,                    26000,                    19402,                    3919,                    0,                    0,                    
                                    1652,                    1652,                    648,                    41.162,                    41,                    0.105,                    4,                    26000,                    19402,                    3919,                    0,                    0,                    
                                    1653,                    1653,                    648,                    41.162,                    41,                    0.105,                    4,                    26000,                    19402,                    3919,                    0,                    0,                    
                                    1654,                    1654,                    648,                    41.162,                    41,                    0.105,                    4,                    26000,                    19402,                    3919,                    0,                    0,                    
                                    1655,                    1655,                    648,                    41.162,                    41,                    0.105,                    4,                    26000,                    19402,                    3919,                    0,                    0,                    
                                    1656,                    1656,                    648,                    41.162,                    41,                    0.105,                    4,                    26000,                    19402,                    3919,                    0,                    0,                    
                                    1657,                    1657,                    648,                    41.162,                    41,                    0.105,                    4,                    26000,                    19402,                    3919,                    0,                    0,                    
                                    1658,                    1658,                    648,                    41.162,                    41,                    0.105,                    4,                    26000,                    19402,                    3919,                    0,                    0,                    
                                    1659,                    1659,                    648,                    41.162,                    41,                    0.105,                    4,                    26000,                    19402,                    3919,                    0,                    0,                    
                                    1660,                    1660,                    648,                    41.162,                    41,                    0.105,                    4,                    26000,                    19402,                    3919,                    0,                    0,                    
                                    1661,                    1661,                    648,                    41.162,                    41,                    0.105,                    4,                    26000,                    19402,                    3919,                    0,                    0,                    
                                    1662,                    1662,                    648,                    41.162,                    41,                    0.105,                    4,                    26000,                    19402,                    3919,                    0,                    0,                    
                                    1663,                    1663,                    648,                    41.162,                    41,                    0.105,                    4,                    26000,                    19402,                    3919,                    0,                    0,                    
                                    1664,                    1664,                    648,                    41.162,                    41,                    0.105,                    4,                    26000,                    19402,                    3919,                    0,                    0,                    
                                    1665,                    1665,                    648,                    41.162,                    41,                    0.105,                    4,                    26000,                    19402,                    3919,                    0,                    0,                    
                                    1666,                    1666,                    648,                    41.162,                    41,                    0.105,                    4,                    26000,                    19402,                    3919,                    0,                    0,                    
                                    1667,                    1667,                    648,                    41.162,                    41,                    0.105,                    4,                    26000,                    19402,                    3919,                    0,                    0,                    
                                    1668,                    1668,                    648,                    41.162,                    41,                    0.105,                    4,                    26000,                    19402,                    3919,                    0,                    0,                    
                                    1669,                    1669,                    648,                    41.162,                    41,                    0.105,                    4,                    26000,                    19402,                    3919,                    0,                    0,                    
                                    1670,                    1670,                    648,                    41.162,                    41,                    0.105,                    4,                    26000,                    19402,                    3919,                    0,                    0,                    
                                    1671,                    1671,                    648,                    41.162,                    41,                    0.105,                    4,                    26000,                    19402,                    3919,                    0,                    0,                    
                                    1672,                    1672,                    648,                    41.162,                    41,                    0.105,                    4,                    26000,                    19402,                    3919,                    0,                    0,                    
                                    1673,                    1673,                    574,                    40.42,                    40,                    0.105,                    4,                    26000,                    19402,                    3919,                    0,                    0,                    
                                    1674,                    1674,                    574,                    40.42,                    40,                    0.105,                    4,                    26000,                    19402,                    3919,                    0,                    0,                    
                                    1675,                    1675,                    574,                    40.42,                    40,                    0.105,                    4,                    26000,                    19402,                    3919,                    0,                    0,                    
                                    1676,                    1676,                    574,                    40.42,                    40,                    0.105,                    4,                    26000,                    19402,                    3919,                    0,                    0,                    
                                    1677,                    1677,                    574,                    40.42,                    40,                    0.105,                    4,                    26000,                    19402,                    3919,                    0,                    0,                    
                                    1678,                    1678,                    574,                    40.42,                    40,                    0.105,                    4,                    26000,                    19402,                    3919,                    0,                    0,                    
                                    1679,                    1679,                    574,                    40.42,                    40,                    0.105,                    4,                    26000,                    19402,                    3919,                    0,                    0,                    
                                    1680,                    1680,                    574,                    40.42,                    40,                    0.105,                    4,                    26000,                    19402,                    3919,                    0,                    0,                    
                                    1681,                    1681,                    574,                    40.42,                    40,                    0.105,                    4,                    26000,                    19402,                    3919,                    0,                    0,                    
                                    1682,                    1682,                    574,                    40.42,                    40,                    0.105,                    4,                    26000,                    19402,                    3919,                    0,                    0,                    
                                    1683,                    1683,                    574,                    40.42,                    40,                    0.105,                    4,                    26000,                    19402,                    3919,                    0,                    0,                    
                                    1684,                    1684,                    574,                    40.42,                    40,                    0.105,                    4,                    26000,                    19402,                    3919,                    0,                    0,                    
                                    1685,                    1685,                    574,                    40.42,                    40,                    0.105,                    4,                    26000,                    19402,                    3919,                    0,                    0,                    
                                    1686,                    1686,                    574,                    40.42,                    40,                    0.105,                    4,                    26000,                    19402,                    3919,                    0,                    0,                    
                                    1687,                    1687,                    574,                    40.42,                    40,                    0.105,                    4,                    26000,                    19402,                    3919,                    0,                    0,                    
                                    1688,                    1688,                    574,                    40.42,                    40,                    0.105,                    4,                    26000,                    19402,                    3919,                    0,                    0,                    
                                    1689,                    1689,                    574,                    40.42,                    40,                    0.105,                    4,                    26000,                    19402,                    3919,                    0,                    0,                    
                                    1690,                    1690,                    574,                    40.42,                    40,                    0.105,                    4,                    26000,                    19402,                    3919,                    0,                    0,                    
                                    1691,                    1691,                    574,                    40.42,                    40,                    0.105,                    4,                    26000,                    19402,                    3919,                    0,                    0,                    
                                    1692,                    1692,                    574,                    40.42,                    40,                    0.105,                    4,                    26000,                    19402,                    3919,                    0,                    0,                    
                                    1693,                    1693,                    574,                    40.42,                    40,                    0.105,                    4,                    26000,                    19402,                    3919,                    0,                    0,                    
                                    1694,                    1694,                    574,                    40.42,                    40,                    0.105,                    4,                    26000,                    19402,                    3919,                    0,                    0,                    
                                    1695,                    1695,                    574,                    40.42,                    40,                    0.105,                    4,                    26000,                    19402,                    3919,                    0,                    0,                    
                                    1696,                    1696,                    574,                    40.42,                    40,                    0.105,                    4,                    26000,                    19402,                    3919,                    0,                    0,                    
                                    1697,                    1697,                    574,                    40.42,                    40,                    0.105,                    4,                    26000,                    19402,                    3919,                    0,                    0,                    
                                    1698,                    1698,                    574,                    40.42,                    40,                    0.105,                    4,                    26000,                    19402,                    3919,                    0,                    0,                    
                                    1699,                    1699,                    574,                    40.42,                    40,                    0.105,                    4,                    26000,                    19402,                    3919,                    0,                    0,                    
                                    1700,                    1700,                    574,                    40.42,                    40,                    0.105,                    4,                    26000,                    19402,                    3919,                    0,                    0,                    
                                    1701,                    1701,                    574,                    40.42,                    40,                    0.105,                    4,                    26000,                    19402,                    3919,                    0,                    0,                    
                                    1702,                    1702,                    574,                    40.42,                    40,                    0.105,                    4,                    26000,                    19402,                    3919,                    0,                    0,                    
                                    1703,                    1703,                    574,                    40.42,                    40,                    0.105,                    4,                    26000,                    19402,                    3919,                    0,                    0,                    
                                    1704,                    1704,                    541,                    39.774,                    41,                    0.105,                    4,                    26000,                    19402,                    3919,                    0,                    0,                    
                                    1705,                    1705,                    541,                    39.774,                    41,                    0.105,                    4,                    26000,                    19402,                    3919,                    0,                    0,                    
                                    1706,                    1706,                    541,                    39.774,                    41,                    0.105,                    4,                    26000,                    19402,                    3919,                    0,                    0,                    
                                    1707,                    1707,                    541,                    39.774,                    41,                    0.105,                    4,                    26000,                    19402,                    3919,                    0,                    0,                    
                                    1708,                    1708,                    541,                    39.774,                    41,                    0.105,                    4,                    26000,                    19402,                    3919,                    0,                    0,                    
                                    1709,                    1709,                    541,                    39.774,                    41,                    0.105,                    4,                    26000,                    19402,                    3919,                    0,                    0,                    
                                    1710,                    1710,                    541,                    39.774,                    41,                    0.105,                    4,                    26000,                    19402,                    3919,                    0,                    0,                    
                                    1711,                    1711,                    541,                    39.774,                    41,                    0.105,                    4,                    26000,                    19402,                    3919,                    0,                    0,                    
                                    1712,                    1712,                    541,                    39.774,                    41,                    0.105,                    4,                    26000,                    19402,                    3919,                    0,                    0,                    
                                    1713,                    1713,                    541,                    39.774,                    41,                    0.105,                    4,                    26000,                    19402,                    3919,                    0,                    0,                    
                                    1714,                    1714,                    541,                    39.774,                    41,                    0.105,                    4,                    26000,                    19402,                    3919,                    0,                    0,                    
                                    1715,                    1715,                    541,                    39.774,                    41,                    0.105,                    4,                    26000,                    19402,                    3919,                    0,                    0,                    
                                    1716,                    1716,                    541,                    39.774,                    41,                    0.105,                    4,                    26000,                    19402,                    3919,                    0,                    0,                    
                                    1717,                    1717,                    541,                    39.774,                    41,                    0.105,                    4,                    26000,                    19402,                    3919,                    0,                    0,                    
                                    1718,                    1718,                    541,                    39.774,                    41,                    0.105,                    4,                    26000,                    19402,                    3919,                    0,                    0,                    
                                    1719,                    1719,                    541,                    39.774,                    41,                    0.105,                    4,                    26000,                    19402,                    3919,                    0,                    0,                    
                                    1720,                    1720,                    541,                    39.774,                    41,                    0.105,                    4,                    26000,                    19402,                    3919,                    0,                    0,                    
                                    1721,                    1721,                    541,                    39.774,                    41,                    0.105,                    4,                    26000,                    19402,                    3919,                    0,                    0,                    
                                    1722,                    1722,                    541,                    39.774,                    41,                    0.105,                    4,                    26000,                    19402,                    3919,                    0,                    0,                    
                                    1723,                    1723,                    541,                    39.774,                    41,                    0.105,                    4,                    26000,                    19402,                    3919,                    0,                    0,                    
                                    1724,                    1724,                    541,                    39.774,                    41,                    0.105,                    4,                    26000,                    19402,                    3919,                    0,                    0,                    
                                    1725,                    1725,                    541,                    39.774,                    41,                    0.105,                    4,                    26000,                    19402,                    3919,                    0,                    0,                    
                                    1726,                    1726,                    541,                    39.774,                    41,                    0.105,                    4,                    26000,                    19402,                    3919,                    0,                    0,                    
                                    1727,                    1727,                    541,                    39.774,                    41,                    0.105,                    4,                    26000,                    19402,                    3919,                    0,                    0,                    
                                    1728,                    1728,                    541,                    39.774,                    41,                    0.105,                    4,                    26000,                    19402,                    3919,                    0,                    0,                    
                                    1729,                    1729,                    541,                    39.774,                    41,                    0.105,                    4,                    26000,                    19402,                    3919,                    0,                    0,                    
                                    1730,                    1730,                    541,                    39.774,                    41,                    0.105,                    4,                    26000,                    19402,                    3919,                    0,                    0,                    
                                    1731,                    1731,                    541,                    39.774,                    41,                    0.105,                    4,                    26000,                    19402,                    3919,                    0,                    0,                    
                                    1732,                    1732,                    541,                    39.774,                    41,                    0.105,                    4,                    26000,                    19402,                    3919,                    0,                    0,                    
                                    1733,                    1733,                    541,                    39.774,                    41,                    0.105,                    4,                    26000,                    19402,                    3919,                    0,                    0,                    
                                    1734,                    1734,                    579,                    39.5,                    41,                    0.105,                    4,                    26000,                    19402,                    3919,                    0,                    0,                    
                                    1735,                    1735,                    579,                    39.5,                    41,                    0.105,                    4,                    26000,                    19402,                    3919,                    0,                    0,                    
                                    1736,                    1736,                    579,                    39.5,                    41,                    0.105,                    4,                    26000,                    19402,                    3919,                    0,                    0,                    
                                    1737,                    1737,                    579,                    39.5,                    41,                    0.105,                    4,                    26000,                    19402,                    3919,                    0,                    0,                    
                                    1738,                    1738,                    579,                    39.5,                    41,                    0.105,                    4,                    26000,                    19402,                    3919,                    0,                    0,                    
                                    1739,                    1739,                    579,                    39.5,                    41,                    0.105,                    4,                    26000,                    19402,                    3919,                    0,                    0,                    
                                    1740,                    1740,                    579,                    39.5,                    41,                    0.105,                    4,                    26000,                    19402,                    3919,                    0,                    0,                    
                                    1741,                    1741,                    579,                    39.5,                    41,                    0.105,                    4,                    26000,                    19402,                    3919,                    0,                    0,                    
                                    1742,                    1742,                    579,                    39.5,                    41,                    0.105,                    4,                    26000,                    19402,                    3919,                    0,                    0,                    
                                    1743,                    1743,                    579,                    39.5,                    41,                    0.105,                    4,                    26000,                    19402,                    3919,                    0,                    0,                    
                                    1744,                    1744,                    579,                    39.5,                    41,                    0.105,                    4,                    26000,                    19402,                    3919,                    0,                    0,                    
                                    1745,                    1745,                    579,                    39.5,                    41,                    0.105,                    4,                    26000,                    19402,                    3919,                    0,                    0,                    
                                    1746,                    1746,                    579,                    39.5,                    41,                    0.105,                    4,                    26000,                    19402,                    3919,                    0,                    0,                    
                                    1747,                    1747,                    579,                    39.5,                    41,                    0.105,                    4,                    26000,                    19402,                    3919,                    0,                    0,                    
                                    1748,                    1748,                    579,                    39.5,                    41,                    0.105,                    4,                    26000,                    19402,                    3919,                    0,                    0,                    
                                    1749,                    1749,                    579,                    39.5,                    41,                    0.105,                    4,                    26000,                    19402,                    3919,                    0,                    0,                    
                                    1750,                    1750,                    579,                    39.5,                    41,                    0.105,                    4,                    26000,                    19402,                    3919,                    0,                    0,                    
                                    1751,                    1751,                    579,                    39.5,                    41,                    0.105,                    4,                    26000,                    19402,                    3919,                    0,                    0,                    
                                    1752,                    1752,                    579,                    39.5,                    41,                    0.105,                    4,                    26000,                    19402,                    3919,                    0,                    0,                    
                                    1753,                    1753,                    579,                    39.5,                    41,                    0.105,                    4,                    26000,                    19402,                    3919,                    0,                    0,                    
                                    1754,                    1754,                    579,                    39.5,                    41,                    0.105,                    4,                    26000,                    19402,                    3919,                    0,                    0,                    
                                    1755,                    1755,                    579,                    39.5,                    41,                    0.105,                    4,                    26000,                    19402,                    3919,                    0,                    0,                    
                                    1756,                    1756,                    579,                    39.5,                    41,                    0.105,                    4,                    26000,                    19402,                    3919,                    0,                    0,                    
                                    1757,                    1757,                    579,                    39.5,                    41,                    0.105,                    4,                    26000,                    19402,                    3919,                    0,                    0,                    
                                    1758,                    1758,                    579,                    39.5,                    41,                    0.105,                    4,                    26000,                    19402,                    3919,                    0,                    0,                    
                                    1759,                    1759,                    579,                    39.5,                    41,                    0.105,                    4,                    26000,                    19402,                    3919,                    0,                    0,                    
                                    1760,                    1760,                    579,                    39.5,                    41,                    0.105,                    4,                    26000,                    19402,                    3919,                    0,                    0,                    
                                    1761,                    1761,                    579,                    39.5,                    41,                    0.105,                    4,                    26000,                    19402,                    3919,                    0,                    0,                    
                                    1762,                    1762,                    579,                    39.5,                    41,                    0.105,                    4,                    26000,                    19402,                    3919,                    0,                    0,                    
                                    1763,                    1763,                    579,                    39.5,                    41,                    0.105,                    4,                    26000,                    19402,                    3919,                    0,                    0,                    
                                    1764,                    1764,                    579,                    39.5,                    41,                    0.105,                    4,                    26000,                    19402,                    3919,                    0,                    0,                    
                                    1765,                    1765,                    485,                    38.441,                    41,                    0.105,                    4,                    26000,                    19402,                    3919,                    0,                    0,                    
                                    1766,                    1766,                    485,                    38.441,                    41,                    0.105,                    4,                    26000,                    19402,                    3919,                    0,                    0,                    
                                    1767,                    1767,                    485,                    38.441,                    41,                    0.105,                    4,                    26000,                    19402,                    3919,                    0,                    0,                    
                                    1768,                    1768,                    485,                    38.441,                    41,                    0.105,                    4,                    26000,                    19402,                    3919,                    0,                    0,                    
                                    1769,                    1769,                    485,                    38.441,                    41,                    0.105,                    4,                    26000,                    19402,                    3919,                    0,                    0,                    
                                    1770,                    1770,                    485,                    38.441,                    41,                    0.105,                    4,                    26000,                    19402,                    3919,                    0,                    0,                    
                                    1771,                    1771,                    485,                    38.441,                    41,                    0.105,                    4,                    26000,                    19402,                    3919,                    0,                    0,                    
                                    1772,                    1772,                    485,                    38.441,                    41,                    0.105,                    4,                    26000,                    19402,                    3919,                    0,                    0,                    
                                    1773,                    1773,                    485,                    38.441,                    41,                    0.105,                    4,                    26000,                    19402,                    3919,                    0,                    0,                    
                                    1774,                    1774,                    485,                    38.441,                    41,                    0.105,                    4,                    26000,                    19402,                    3919,                    0,                    0,                    
                                    1775,                    1775,                    485,                    38.441,                    41,                    0.105,                    4,                    26000,                    19402,                    3919,                    0,                    0,                    
                                    1776,                    1776,                    485,                    38.441,                    41,                    0.105,                    4,                    26000,                    19402,                    3919,                    0,                    0,                    
                                    1777,                    1777,                    485,                    38.441,                    41,                    0.105,                    4,                    26000,                    19402,                    3919,                    0,                    0,                    
                                    1778,                    1778,                    485,                    38.441,                    41,                    0.105,                    4,                    26000,                    19402,                    3919,                    0,                    0,                    
                                    1779,                    1779,                    485,                    38.441,                    41,                    0.105,                    4,                    26000,                    19402,                    3919,                    0,                    0,                    
                                    1780,                    1780,                    485,                    38.441,                    41,                    0.105,                    4,                    26000,                    19402,                    3919,                    0,                    0,                    
                                    1781,                    1781,                    485,                    38.441,                    41,                    0.105,                    4,                    26000,                    19402,                    3919,                    0,                    0,                    
                                    1782,                    1782,                    485,                    38.441,                    41,                    0.105,                    4,                    26000,                    19402,                    3919,                    0,                    0,                    
                                    1783,                    1783,                    485,                    38.441,                    41,                    0.105,                    4,                    26000,                    19402,                    3919,                    0,                    0,                    
                                    1784,                    1784,                    485,                    38.441,                    41,                    0.105,                    4,                    26000,                    19402,                    3919,                    0,                    0,                    
                                    1785,                    1785,                    485,                    38.441,                    41,                    0.105,                    4,                    26000,                    19402,                    3919,                    0,                    0,                    
                                    1786,                    1786,                    485,                    38.441,                    41,                    0.105,                    4,                    26000,                    19402,                    3919,                    0,                    0,                    
                                    1787,                    1787,                    485,                    38.441,                    41,                    0.105,                    4,                    26000,                    19402,                    3919,                    0,                    0,                    
                                    1788,                    1788,                    485,                    38.441,                    41,                    0.105,                    4,                    26000,                    19402,                    3919,                    0,                    0,                    
                                    1789,                    1789,                    485,                    38.441,                    41,                    0.105,                    4,                    26000,                    19402,                    3919,                    0,                    0,                    
                                    1790,                    1790,                    485,                    38.441,                    41,                    0.105,                    4,                    26000,                    19402,                    3919,                    0,                    0,                    
                                    1791,                    1791,                    485,                    38.441,                    41,                    0.105,                    4,                    26000,                    19402,                    3919,                    0,                    0,                    
                                    1792,                    1792,                    485,                    38.441,                    41,                    0.105,                    4,                    26000,                    19402,                    3919,                    0,                    0,                    
                                    1793,                    1793,                    485,                    38.441,                    41,                    0.105,                    4,                    26000,                    19402,                    3919,                    0,                    0,                    
                                    1794,                    1794,                    485,                    38.441,                    41,                    0.105,                    4,                    26000,                    19402,                    3919,                    0,                    0,                    
                                    1795,                    1795,                    449,                    37.502,                    41,                    0.105,                    4,                    26000,                    19402,                    3919,                    0,                    0,                    
                                    1796,                    1796,                    449,                    37.502,                    41,                    0.105,                    4,                    26000,                    19402,                    3919,                    0,                    0,                    
                                    1797,                    1797,                    449,                    37.502,                    41,                    0.105,                    4,                    26000,                    19402,                    3919,                    0,                    0,                    
                                    1798,                    1798,                    449,                    37.502,                    41,                    0.105,                    4,                    26000,                    19402,                    3919,                    0,                    0,                    
                                    1799,                    1799,                    449,                    37.502,                    41,                    0.105,                    4,                    26000,                    19402,                    3919,                    0,                    0,                    
                                    1800,                    1800,                    449,                    37.502,                    41,                    0.105,                    4,                    26000,                    19402,                    3919,                    0,                    0,                    
                                    1801,                    1801,                    449,                    37.502,                    41,                    0.105,                    4,                    26000,                    19402,                    3919,                    0,                    0,                    
                                    1802,                    1802,                    449,                    37.502,                    41,                    0.105,                    4,                    26000,                    19402,                    3919,                    0,                    0,                    
                                    1803,                    1803,                    449,                    37.502,                    41,                    0.105,                    4,                    26000,                    19402,                    3919,                    0,                    0,                    
                                    1804,                    1804,                    449,                    37.502,                    41,                    0.105,                    4,                    26000,                    19402,                    3919,                    0,                    0,                    
                                    1805,                    1805,                    449,                    37.502,                    41,                    0.105,                    4,                    26000,                    19402,                    3919,                    0,                    0,                    
                                    1806,                    1806,                    449,                    37.502,                    41,                    0.105,                    4,                    26000,                    19402,                    3919,                    0,                    0,                    
                                    1807,                    1807,                    449,                    37.502,                    41,                    0.105,                    4,                    26000,                    19402,                    3919,                    0,                    0,                    
                                    1808,                    1808,                    449,                    37.502,                    41,                    0.105,                    4,                    26000,                    19402,                    3919,                    0,                    0,                    
                                    1809,                    1809,                    449,                    37.502,                    41,                    0.105,                    4,                    26000,                    19402,                    3919,                    0,                    0,                    
                                    1810,                    1810,                    449,                    37.502,                    41,                    0.105,                    4,                    26000,                    19402,                    3919,                    0,                    0,                    
                                    1811,                    1811,                    449,                    37.502,                    41,                    0.105,                    4,                    26000,                    19402,                    3919,                    0,                    0,                    
                                    1812,                    1812,                    449,                    37.502,                    41,                    0.105,                    4,                    26000,                    19402,                    3919,                    0,                    0,                    
                                    1813,                    1813,                    449,                    37.502,                    41,                    0.105,                    4,                    26000,                    19402,                    3919,                    0,                    0,                    
                                    1814,                    1814,                    449,                    37.502,                    41,                    0.105,                    4,                    26000,                    19402,                    3919,                    0,                    0,                    
                                    1815,                    1815,                    449,                    37.502,                    41,                    0.105,                    4,                    26000,                    19402,                    3919,                    0,                    0,                    
                                    1816,                    1816,                    449,                    37.502,                    41,                    0.105,                    4,                    26000,                    19402,                    3919,                    0,                    0,                    
                                    1817,                    1817,                    449,                    37.502,                    41,                    0.105,                    4,                    26000,                    19402,                    3919,                    0,                    0,                    
                                    1818,                    1818,                    449,                    37.502,                    41,                    0.105,                    4,                    26000,                    19402,                    3919,                    0,                    0,                    
                                    1819,                    1819,                    449,                    37.502,                    41,                    0.105,                    4,                    26000,                    19402,                    3919,                    0,                    0,                    
                                    1820,                    1820,                    449,                    37.502,                    41,                    0.105,                    4,                    26000,                    19402,                    3919,                    0,                    0,                    
                                    1821,                    1821,                    449,                    37.502,                    41,                    0.105,                    4,                    26000,                    19402,                    3919,                    0,                    0,                    
                                    1822,                    1822,                    449,                    37.502,                    41,                    0.105,                    4,                    26000,                    19402,                    3919,                    0,                    0,                    
                                    1823,                    1823,                    449,                    37.502,                    41,                    0.105,                    4,                    26000,                    19402,                    3919,                    0,                    0,                    
                                    1824,                    1824,                    449,                    37.502,                    41,                    0.105,                    4,                    26000,                    19402,                    3919,                    0,                    0,                    
                                    1825,                    1825,                    449,                    37.502,                    41,                    0.105,                    4,                    26000,                    19402,                    3919,                    0,                    0,                    
                                    1826,                    1826,                    404,                    37.065,                    42,                    0.105,                    4,                    26000,                    19402,                    3919,                    0,                    0,                    
                                    1827,                    1827,                    404,                    37.065,                    42,                    0.105,                    4,                    26000,                    19402,                    3919,                    0,                    0,                    
                                    1828,                    1828,                    404,                    37.065,                    42,                    0.105,                    4,                    26000,                    19402,                    3919,                    0,                    0,                    
                                    1829,                    1829,                    404,                    37.065,                    42,                    0.105,                    4,                    26000,                    19402,                    3919,                    0,                    0,                    
                                    1830,                    1830,                    404,                    37.065,                    42,                    0.105,                    4,                    26000,                    19402,                    3919,                    0,                    0,                    
                                    1831,                    1831,                    404,                    37.065,                    42,                    0.105,                    4,                    26000,                    19402,                    3919,                    0,                    0,                    
                                    1832,                    1832,                    404,                    37.065,                    42,                    0.105,                    4,                    26000,                    19402,                    3919,                    0,                    0,                    
                                    1833,                    1833,                    404,                    37.065,                    42,                    0.105,                    4,                    26000,                    19402,                    3919,                    0,                    0,                    
                                    1834,                    1834,                    404,                    37.065,                    42,                    0.105,                    4,                    26000,                    19402,                    3919,                    0,                    0,                    
                                    1835,                    1835,                    404,                    37.065,                    42,                    0.105,                    4,                    26000,                    19402,                    3919,                    0,                    0,                    
                                    1836,                    1836,                    404,                    37.065,                    42,                    0.105,                    4,                    26000,                    19402,                    3919,                    0,                    0,                    
                                    1837,                    1837,                    404,                    37.065,                    42,                    0.105,                    4,                    26000,                    19402,                    3919,                    0,                    0,                    
                                    1838,                    1838,                    404,                    37.065,                    42,                    0.105,                    4,                    26000,                    19402,                    3919,                    0,                    0,                    
                                    1839,                    1839,                    404,                    37.065,                    42,                    0.105,                    4,                    26000,                    19402,                    3919,                    0,                    0,                    
                                    1840,                    1840,                    404,                    37.065,                    42,                    0.105,                    4,                    26000,                    19402,                    3919,                    0,                    0,                    
                                    1841,                    1841,                    404,                    37.065,                    42,                    0.105,                    4,                    26000,                    19402,                    3919,                    0,                    0,                    
                                    1842,                    1842,                    404,                    37.065,                    42,                    0.105,                    4,                    26000,                    19402,                    3919,                    0,                    0,                    
                                    1843,                    1843,                    404,                    37.065,                    42,                    0.105,                    4,                    26000,                    19402,                    3919,                    0,                    0,                    
                                    1844,                    1844,                    404,                    37.065,                    42,                    0.105,                    4,                    26000,                    19402,                    3919,                    0,                    0,                    
                                    1845,                    1845,                    404,                    37.065,                    42,                    0.105,                    4,                    26000,                    19402,                    3919,                    0,                    0,                    
                                    1846,                    1846,                    404,                    37.065,                    42,                    0.105,                    4,                    26000,                    19402,                    3919,                    0,                    0,                    
                                    1847,                    1847,                    404,                    37.065,                    42,                    0.105,                    4,                    26000,                    19402,                    3919,                    0,                    0,                    
                                    1848,                    1848,                    404,                    37.065,                    42,                    0.105,                    4,                    26000,                    19402,                    3919,                    0,                    0,                    
                                    1849,                    1849,                    404,                    37.065,                    42,                    0.105,                    4,                    26000,                    19402,                    3919,                    0,                    0,                    
                                    1850,                    1850,                    404,                    37.065,                    42,                    0.105,                    4,                    26000,                    19402,                    3919,                    0,                    0,                    
                                    1851,                    1851,                    404,                    37.065,                    42,                    0.105,                    4,                    26000,                    19402,                    3919,                    0,                    0,                    
                                    1852,                    1852,                    404,                    37.065,                    42,                    0.105,                    4,                    26000,                    19402,                    3919,                    0,                    0,                    
                                    1853,                    1853,                    404,                    37.065,                    42,                    0.105,                    4,                    26000,                    19402,                    3919,                    0,                    0,                    
                                    1854,                    1854,                    404,                    37.065,                    42,                    0.105,                    4,                    26000,                    19402,                    3919,                    0,                    0,                    
                                    1855,                    1855,                    404,                    37.065,                    42,                    0.105,                    4,                    26000,                    19402,                    3919,                    0,                    0,                    
                                    1856,                    1856,                    404,                    37.065,                    42,                    0.105,                    4,                    26000,                    19402,                    3919,                    0,                    0,                    
                                    1857,                    1857,                    334,                    36.954,                    42,                    0.105,                    4,                    26000,                    19402,                    3919,                    0,                    0,                    
                                    1858,                    1858,                    334,                    36.954,                    42,                    0.105,                    4,                    26000,                    19402,                    3919,                    0,                    0,                    
                                    1859,                    1859,                    334,                    36.954,                    42,                    0.105,                    4,                    26000,                    19402,                    3919,                    0,                    0,                    
                                    1860,                    1860,                    334,                    36.954,                    42,                    0.105,                    4,                    26000,                    19402,                    3919,                    0,                    0,                    
                                    1861,                    1861,                    334,                    36.954,                    42,                    0.105,                    4,                    26000,                    19402,                    3919,                    0,                    0,                    
                                    1862,                    1862,                    334,                    36.954,                    42,                    0.105,                    4,                    26000,                    19402,                    3919,                    0,                    0,                    
                                    1863,                    1863,                    334,                    36.954,                    42,                    0.105,                    4,                    26000,                    19402,                    3919,                    0,                    0,                    
                                    1864,                    1864,                    334,                    36.954,                    42,                    0.105,                    4,                    26000,                    19402,                    3919,                    0,                    0,                    
                                    1865,                    1865,                    334,                    36.954,                    42,                    0.105,                    4,                    26000,                    19402,                    3919,                    0,                    0,                    
                                    1866,                    1866,                    334,                    36.954,                    42,                    0.105,                    4,                    26000,                    19402,                    3919,                    0,                    0,                    
                                    1867,                    1867,                    334,                    36.954,                    42,                    0.105,                    4,                    26000,                    19402,                    3919,                    0,                    0,                    
                                    1868,                    1868,                    334,                    36.954,                    42,                    0.105,                    4,                    26000,                    19402,                    3919,                    0,                    0,                    
                                    1869,                    1869,                    334,                    36.954,                    42,                    0.105,                    4,                    26000,                    19402,                    3919,                    0,                    0,                    
                                    1870,                    1870,                    334,                    36.954,                    42,                    0.105,                    4,                    26000,                    19402,                    3919,                    0,                    0,                    
                                    1871,                    1871,                    334,                    36.954,                    42,                    0.105,                    4,                    26000,                    19402,                    3919,                    0,                    0,                    
                                    1872,                    1872,                    334,                    36.954,                    42,                    0.105,                    4,                    26000,                    19402,                    3919,                    0,                    0,                    
                                    1873,                    1873,                    334,                    36.954,                    42,                    0.105,                    4,                    26000,                    19402,                    3919,                    0,                    0,                    
                                    1874,                    1874,                    334,                    36.954,                    42,                    0.105,                    4,                    26000,                    19402,                    3919,                    0,                    0,                    
                                    1875,                    1875,                    334,                    36.954,                    42,                    0.105,                    4,                    26000,                    19402,                    3919,                    0,                    0,                    
                                    1876,                    1876,                    334,                    36.954,                    42,                    0.105,                    4,                    26000,                    19402,                    3919,                    0,                    0,                    
                                    1877,                    1877,                    334,                    36.954,                    42,                    0.105,                    4,                    26000,                    19402,                    3919,                    0,                    0,                    
                                    1878,                    1878,                    334,                    36.954,                    42,                    0.105,                    4,                    26000,                    19402,                    3919,                    0,                    0,                    
                                    1879,                    1879,                    334,                    36.954,                    42,                    0.105,                    4,                    26000,                    19402,                    3919,                    0,                    0,                    
                                    1880,                    1880,                    334,                    36.954,                    42,                    0.105,                    4,                    26000,                    19402,                    3919,                    0,                    0,                    
                                    1881,                    1881,                    334,                    36.954,                    42,                    0.105,                    4,                    26000,                    19402,                    3919,                    0,                    0,                    
                                    1882,                    1882,                    334,                    36.954,                    42,                    0.105,                    4,                    26000,                    19402,                    3919,                    0,                    0,                    
                                    1883,                    1883,                    334,                    36.954,                    42,                    0.105,                    4,                    26000,                    19402,                    3919,                    0,                    0,                    
                                    1884,                    1884,                    334,                    36.954,                    42,                    0.105,                    4,                    26000,                    19402,                    3919,                    0,                    0,                    
                                    1885,                    1885,                    345,                    37.232,                    42,                    0.105,                    4,                    26000,                    19402,                    3919,                    0,                    0,                    
                                    1886,                    1886,                    345,                    37.232,                    42,                    0.105,                    4,                    26000,                    19402,                    3919,                    0,                    0,                    
                                    1887,                    1887,                    345,                    37.232,                    42,                    0.105,                    4,                    26000,                    19402,                    3919,                    0,                    0,                    
                                    1888,                    1888,                    345,                    37.232,                    42,                    0.105,                    4,                    26000,                    19402,                    3919,                    0,                    0,                    
                                    1889,                    1889,                    345,                    37.232,                    42,                    0.105,                    4,                    26000,                    19402,                    3919,                    0,                    0,                    
                                    1890,                    1890,                    345,                    37.232,                    42,                    0.105,                    4,                    26000,                    19402,                    3919,                    0,                    0,                    
                                    1891,                    1891,                    345,                    37.232,                    42,                    0.105,                    4,                    26000,                    19402,                    3919,                    0,                    0,                    
                                    1892,                    1892,                    345,                    37.232,                    42,                    0.105,                    4,                    26000,                    19402,                    3919,                    0,                    0,                    
                                    1893,                    1893,                    345,                    37.232,                    42,                    0.105,                    4,                    26000,                    19402,                    3919,                    0,                    0,                    
                                    1894,                    1894,                    345,                    37.232,                    42,                    0.105,                    4,                    26000,                    19402,                    3919,                    0,                    0,                    
                                    1895,                    1895,                    345,                    37.232,                    42,                    0.105,                    4,                    26000,                    19402,                    3919,                    0,                    0,                    
                                    1896,                    1896,                    345,                    37.232,                    42,                    0.105,                    4,                    26000,                    19402,                    3919,                    0,                    0,                    
                                    1897,                    1897,                    345,                    37.232,                    42,                    0.105,                    4,                    26000,                    19402,                    3919,                    0,                    0,                    
                                    1898,                    1898,                    345,                    37.232,                    42,                    0.105,                    4,                    26000,                    19402,                    3919,                    0,                    0,                    
                                    1899,                    1899,                    345,                    37.232,                    42,                    0.105,                    4,                    26000,                    19402,                    3919,                    0,                    0,                    
                                    1900,                    1900,                    345,                    37.232,                    42,                    0.105,                    4,                    26000,                    19402,                    3919,                    0,                    0,                    
                                    1901,                    1901,                    345,                    37.232,                    42,                    0.105,                    4,                    26000,                    19402,                    3919,                    0,                    0,                    
                                    1902,                    1902,                    345,                    37.232,                    42,                    0.105,                    4,                    26000,                    19402,                    3919,                    0,                    0,                    
                                    1903,                    1903,                    345,                    37.232,                    42,                    0.105,                    4,                    26000,                    19402,                    3919,                    0,                    0,                    
                                    1904,                    1904,                    345,                    37.232,                    42,                    0.105,                    4,                    26000,                    19402,                    3919,                    0,                    0,                    
                                    1905,                    1905,                    345,                    37.232,                    42,                    0.105,                    4,                    26000,                    19402,                    3919,                    0,                    0,                    
                                    1906,                    1906,                    345,                    37.232,                    42,                    0.105,                    4,                    26000,                    19402,                    3919,                    0,                    0,                    
                                    1907,                    1907,                    345,                    37.232,                    42,                    0.105,                    4,                    26000,                    19402,                    3919,                    0,                    0,                    
                                    1908,                    1908,                    345,                    37.232,                    42,                    0.105,                    4,                    26000,                    19402,                    3919,                    0,                    0,                    
                                    1909,                    1909,                    345,                    37.232,                    42,                    0.105,                    4,                    26000,                    19402,                    3919,                    0,                    0,                    
                                    1910,                    1910,                    345,                    37.232,                    42,                    0.105,                    4,                    26000,                    19402,                    3919,                    0,                    0,                    
                                    1911,                    1911,                    345,                    37.232,                    42,                    0.105,                    4,                    26000,                    19402,                    3919,                    0,                    0,                    
                                    1912,                    1912,                    345,                    37.232,                    42,                    0.105,                    4,                    26000,                    19402,                    3919,                    0,                    0,                    
                                    1913,                    1913,                    345,                    37.232,                    42,                    0.105,                    4,                    26000,                    19402,                    3919,                    0,                    0,                    
                                    1914,                    1914,                    345,                    37.232,                    42,                    0.105,                    4,                    26000,                    19402,                    3919,                    0,                    0,                    
                                    1915,                    1915,                    345,                    37.232,                    42,                    0.105,                    4,                    26000,                    19402,                    3919,                    0,                    0,                    
                                    1916,                    1916,                    344,                    38.336,                    41,                    0.105,                    4,                    26000,                    19402,                    3919,                    0,                    0,                    
                                    1917,                    1917,                    344,                    38.336,                    41,                    0.105,                    4,                    26000,                    19402,                    3919,                    0,                    0,                    
                                    1918,                    1918,                    344,                    38.336,                    41,                    0.105,                    4,                    26000,                    19402,                    3919,                    0,                    0,                    
                                    1919,                    1919,                    344,                    38.336,                    41,                    0.105,                    4,                    26000,                    19402,                    3919,                    0,                    0,                    
                                    1920,                    1920,                    344,                    38.336,                    41,                    0.105,                    4,                    26000,                    19402,                    3919,                    0,                    0,                    
                                    1921,                    1921,                    344,                    38.336,                    41,                    0.105,                    4,                    26000,                    19402,                    3919,                    0,                    0,                    
                                    1922,                    1922,                    344,                    38.336,                    41,                    0.105,                    4,                    26000,                    19402,                    3919,                    0,                    0,                    
                                    1923,                    1923,                    344,                    38.336,                    41,                    0.105,                    4,                    26000,                    19402,                    3919,                    0,                    0,                    
                                    1924,                    1924,                    344,                    38.336,                    41,                    0.105,                    4,                    26000,                    19402,                    3919,                    0,                    0,                    
                                    1925,                    1925,                    344,                    38.336,                    41,                    0.105,                    4,                    26000,                    19402,                    3919,                    0,                    0,                    
                                    1926,                    1926,                    344,                    38.336,                    41,                    0.105,                    4,                    26000,                    19402,                    3919,                    0,                    0,                    
                                    1927,                    1927,                    344,                    38.336,                    41,                    0.105,                    4,                    26000,                    19402,                    3919,                    0,                    0,                    
                                    1928,                    1928,                    344,                    38.336,                    41,                    0.105,                    4,                    26000,                    19402,                    3919,                    0,                    0,                    
                                    1929,                    1929,                    344,                    38.336,                    41,                    0.105,                    4,                    26000,                    19402,                    3919,                    0,                    0,                    
                                    1930,                    1930,                    344,                    38.336,                    41,                    0.105,                    4,                    26000,                    19402,                    3919,                    0,                    0,                    
                                    1931,                    1931,                    344,                    38.336,                    41,                    0.105,                    4,                    26000,                    19402,                    3919,                    0,                    0,                    
                                    1932,                    1932,                    344,                    38.336,                    41,                    0.105,                    4,                    26000,                    19402,                    3919,                    0,                    0,                    
                                    1933,                    1933,                    344,                    38.336,                    41,                    0.105,                    4,                    26000,                    19402,                    3919,                    0,                    0,                    
                                    1934,                    1934,                    344,                    38.336,                    41,                    0.105,                    4,                    26000,                    19402,                    3919,                    0,                    0,                    
                                    1935,                    1935,                    344,                    38.336,                    41,                    0.105,                    4,                    26000,                    19402,                    3919,                    0,                    0,                    
                                    1936,                    1936,                    344,                    38.336,                    41,                    0.105,                    4,                    26000,                    19402,                    3919,                    0,                    0,                    
                                    1937,                    1937,                    344,                    38.336,                    41,                    0.105,                    4,                    26000,                    19402,                    3919,                    0,                    0,                    
                                    1938,                    1938,                    344,                    38.336,                    41,                    0.105,                    4,                    26000,                    19402,                    3919,                    0,                    0,                    
                                    1939,                    1939,                    344,                    38.336,                    41,                    0.105,                    4,                    26000,                    19402,                    3919,                    0,                    0,                    
                                    1940,                    1940,                    344,                    38.336,                    41,                    0.105,                    4,                    26000,                    19402,                    3919,                    0,                    0,                    
                                    1941,                    1941,                    344,                    38.336,                    41,                    0.105,                    4,                    26000,                    19402,                    3919,                    0,                    0,                    
                                    1942,                    1942,                    344,                    38.336,                    41,                    0.105,                    4,                    26000,                    19402,                    3919,                    0,                    0,                    
                                    1943,                    1943,                    344,                    38.336,                    41,                    0.105,                    4,                    26000,                    19402,                    3919,                    0,                    0,                    
                                    1944,                    1944,                    344,                    38.336,                    41,                    0.105,                    4,                    26000,                    19402,                    3919,                    0,                    0,                    
                                    1945,                    1945,                    344,                    38.336,                    41,                    0.105,                    4,                    26000,                    19402,                    3919,                    0,                    0,                    
                                    1946,                    1946,                    406,                    39.917,                    41,                    0.105,                    4,                    26000,                    19402,                    3919,                    0,                    0,                    
                                    1947,                    1947,                    406,                    39.917,                    41,                    0.105,                    4,                    26000,                    19402,                    3919,                    0,                    0,                    
                                    1948,                    1948,                    406,                    39.917,                    41,                    0.105,                    4,                    26000,                    19402,                    3919,                    0,                    0,                    
                                    1949,                    1949,                    406,                    39.917,                    41,                    0.105,                    4,                    26000,                    19402,                    3919,                    0,                    0,                    
                                    1950,                    1950,                    406,                    39.917,                    41,                    0.105,                    4,                    26000,                    19402,                    3919,                    0,                    0,                    
                                    1951,                    1951,                    406,                    39.917,                    41,                    0.105,                    4,                    26000,                    19402,                    3919,                    0,                    0,                    
                                    1952,                    1952,                    406,                    39.917,                    41,                    0.105,                    4,                    26000,                    19402,                    3919,                    0,                    0,                    
                                    1953,                    1953,                    406,                    39.917,                    41,                    0.105,                    4,                    26000,                    19402,                    3919,                    0,                    0,                    
                                    1954,                    1954,                    406,                    39.917,                    41,                    0.105,                    4,                    26000,                    19402,                    3919,                    0,                    0,                    
                                    1955,                    1955,                    406,                    39.917,                    41,                    0.105,                    4,                    26000,                    19402,                    3919,                    0,                    0,                    
                                    1956,                    1956,                    406,                    39.917,                    41,                    0.105,                    4,                    26000,                    19402,                    3919,                    0,                    0,                    
                                    1957,                    1957,                    406,                    39.917,                    41,                    0.105,                    4,                    26000,                    19402,                    3919,                    0,                    0,                    
                                    1958,                    1958,                    406,                    39.917,                    41,                    0.105,                    4,                    26000,                    19402,                    3919,                    0,                    0,                    
                                    1959,                    1959,                    406,                    39.917,                    41,                    0.105,                    4,                    26000,                    19402,                    3919,                    0,                    0,                    
                                    1960,                    1960,                    406,                    39.917,                    41,                    0.105,                    4,                    26000,                    19402,                    3919,                    0,                    0,                    
                                    1961,                    1961,                    406,                    39.917,                    41,                    0.105,                    4,                    26000,                    19402,                    3919,                    0,                    0,                    
                                    1962,                    1962,                    406,                    39.917,                    41,                    0.105,                    4,                    26000,                    19402,                    3919,                    0,                    0,                    
                                    1963,                    1963,                    406,                    39.917,                    41,                    0.105,                    4,                    26000,                    19402,                    3919,                    0,                    0,                    
                                    1964,                    1964,                    406,                    39.917,                    41,                    0.105,                    4,                    26000,                    19402,                    3919,                    0,                    0,                    
                                    1965,                    1965,                    406,                    39.917,                    41,                    0.105,                    4,                    26000,                    19402,                    3919,                    0,                    0,                    
                                    1966,                    1966,                    406,                    39.917,                    41,                    0.105,                    4,                    26000,                    19402,                    3919,                    0,                    0,                    
                                    1967,                    1967,                    406,                    39.917,                    41,                    0.105,                    4,                    26000,                    19402,                    3919,                    0,                    0,                    
                                    1968,                    1968,                    406,                    39.917,                    41,                    0.105,                    4,                    26000,                    19402,                    3919,                    0,                    0,                    
                                    1969,                    1969,                    406,                    39.917,                    41,                    0.105,                    4,                    26000,                    19402,                    3919,                    0,                    0,                    
                                    1970,                    1970,                    406,                    39.917,                    41,                    0.105,                    4,                    26000,                    19402,                    3919,                    0,                    0,                    
                                    1971,                    1971,                    406,                    39.917,                    41,                    0.105,                    4,                    26000,                    19402,                    3919,                    0,                    0,                    
                                    1972,                    1972,                    406,                    39.917,                    41,                    0.105,                    4,                    26000,                    19402,                    3919,                    0,                    0,                    
                                    1973,                    1973,                    406,                    39.917,                    41,                    0.105,                    4,                    26000,                    19402,                    3919,                    0,                    0,                    
                                    1974,                    1974,                    406,                    39.917,                    41,                    0.105,                    4,                    26000,                    19402,                    3919,                    0,                    0,                    
                                    1975,                    1975,                    406,                    39.917,                    41,                    0.105,                    4,                    26000,                    19402,                    3919,                    0,                    0,                    
                                    1976,                    1976,                    406,                    39.917,                    41,                    0.105,                    4,                    26000,                    19402,                    3919,                    0,                    0,                    
                                    1977,                    1977,                    441,                    41.005,                    40,                    0.105,                    4,                    26000,                    19402,                    3919,                    0,                    0,                    
                                    1978,                    1978,                    441,                    41.005,                    40,                    0.105,                    4,                    26000,                    19402,                    3919,                    0,                    0,                    
                                    1979,                    1979,                    441,                    41.005,                    40,                    0.105,                    4,                    26000,                    19402,                    3919,                    0,                    0,                    
                                    1980,                    1980,                    441,                    41.005,                    40,                    0.105,                    4,                    26000,                    19402,                    3919,                    0,                    0,                    
                                    1981,                    1981,                    441,                    41.005,                    40,                    0.105,                    4,                    26000,                    19402,                    3919,                    0,                    0,                    
                                    1982,                    1982,                    441,                    41.005,                    40,                    0.105,                    4,                    26000,                    19402,                    3919,                    0,                    0,                    
                                    1983,                    1983,                    441,                    41.005,                    40,                    0.105,                    4,                    26000,                    19402,                    3919,                    0,                    0,                    
                                    1984,                    1984,                    441,                    41.005,                    40,                    0.105,                    4,                    26000,                    19402,                    3919,                    0,                    0,                    
                                    1985,                    1985,                    441,                    41.005,                    40,                    0.105,                    4,                    26000,                    19402,                    3919,                    0,                    0,                    
                                    1986,                    1986,                    441,                    41.005,                    40,                    0.105,                    4,                    26000,                    19402,                    3919,                    0,                    0,                    
                                    1987,                    1987,                    441,                    41.005,                    40,                    0.105,                    4,                    26000,                    19402,                    3919,                    0,                    0,                    
                                    1988,                    1988,                    441,                    41.005,                    40,                    0.105,                    4,                    26000,                    19402,                    3919,                    0,                    0,                    
                                    1989,                    1989,                    441,                    41.005,                    40,                    0.105,                    4,                    26000,                    19402,                    3919,                    0,                    0,                    
                                    1990,                    1990,                    441,                    41.005,                    40,                    0.105,                    4,                    26000,                    19402,                    3919,                    0,                    0,                    
                                    1991,                    1991,                    441,                    41.005,                    40,                    0.105,                    4,                    26000,                    19402,                    3919,                    0,                    0,                    
                                    1992,                    1992,                    441,                    41.005,                    40,                    0.105,                    4,                    26000,                    19402,                    3919,                    0,                    0,                    
                                    1993,                    1993,                    441,                    41.005,                    40,                    0.105,                    4,                    26000,                    19402,                    3919,                    0,                    0,                    
                                    1994,                    1994,                    441,                    41.005,                    40,                    0.105,                    4,                    26000,                    19402,                    3919,                    0,                    0,                    
                                    1995,                    1995,                    441,                    41.005,                    40,                    0.105,                    4,                    26000,                    19402,                    3919,                    0,                    0,                    
                                    1996,                    1996,                    441,                    41.005,                    40,                    0.105,                    4,                    26000,                    19402,                    3919,                    0,                    0,                    
                                    1997,                    1997,                    441,                    41.005,                    40,                    0.105,                    4,                    26000,                    19402,                    3919,                    0,                    0,                    
/
